id,group,type,ui_name,button_name,item_button,next_id,m_width,m_height,m_pointAngle,framex,framey,leadFrameContent,offset_y,current_scene,home_complete,para,ask,des,direction,position_x,position_y,check_point_name,npcName,npcContent,npcPosY,back,guide_protect,offset_x,is_close,trigger_once,nothing_guide,delay_time,type_complete,next_id_user_swtich,switch_change_ui,show_mask
int,int,int,string,string,string,int,int,int,int,int,int,string,int,string,int,string,int,string,int,double,double,string,string,string,int,int,int,int,int,int,int,int,int,string,string,int
1,1,1,WorldMainUI,bottomNode/btn_Home,,2,0,0,3,0,0,,0,Home,0,,,,,,,,,,,,,,,,,,,,,
2,0,1,MainUI,Bottom/btnNode/btn_Build,,3,0,0,3,0,0,,0,,0,,,,,,,,,,,,,,,,,,,,,
3,0,2,BuildBuildingPanel,NewScrollView/view/content,,4,0,0,3,0,0,,0,,0,,,,,,,,,,,,,,,,,,,,,
4,0,3,HomePropertyItem,ItemFunctionTile/BtnSure,,0,0,0,3,0,0,,0,,0,,,,,,,,,,,,,,,,,,,,,
5,2,1,WorldMainUI,bottomNode/btn_Home,,6,0,0,3,0,0,,0,Home,0,,,,,,,,,,,,,,,,,,,,,
6,0,4,BuildingItem,,,13,0,0,3,0,0,,-20,,1,,,,,,,,,,,,,,,,,,,,,
13,0,7,,FunctionBtn/LayOut/BtnFunction,,7,0,0,3,0,0,,0,,0,,,,,,,,,,,,,,,,,,,,,
7,0,2,ProductionPanel,NewScrollView/view/content,Button,0,0,0,3,0,0,,0,,0,,,,,,,,,,,,,,,,,,,,,
8,3,1,MainUI,Bottom/btnNode/btn_World,,9,0,0,3,0,0,,0,WorldMap,0,,,,,,,,,,,,,,,,,,,,,
9,0,5,,ScrollView/Content/LevellBtns,Current,10,0,0,3,0,0,,0,,0,,,,,,,,,,,,,,,,,,,,,
10,0,1,ChapterNode,btnFight,,0,0,0,3,0,0,,0,,0,,,,,,,,,,,,,,,,,,,,,
11,4,1,WorldMainUI,bottomNode/btn_Home,,12,0,0,3,0,0,,0,Home,0,,,,,,,,,,,,,,,,,,,,,
12,0,6,,,,0,0,0,3,0,0,,0,,1,,,,,,,,,,,,,,,,,,,,,
499,5,1,WorldMainUI,bottomNode/btn_Home,,501,0,0,3,0,0,,0,Home,0,,,,,,,,,,,,,,,,,,,,,
501,0,8,BuildingItem,,,502,0,0,3,0,0,,0,,1,,,,,,,,,,,,,,,,,,,,,
502,0,7,,AutoCollect,,503,0,0,3,0,0,,0,,0,,,,,,,,,,,,,,,,,,,,,
503,0,1,AutoCollectTile,ChargeNode/buyBtn,,0,0,0,3,0,0,,0,,0,,,,,,,,,,,,,,,,,,,,,
599,6,1,WorldMainUI,bottomNode/btn_Home,,601,0,0,3,0,0,,0,Home,0,,,,,,,,,,,,,,,,,,,,,
601,0,9,BuildingItem,,,0,0,0,3,0,0,,0,,1,,,,,,,,,,,,,,,,,,,,,
699,7,1,WorldMainUI,bottomNode/btn_Home,,701,0,0,3,0,0,,0,Home,0,,,,,,,,,,,,,,,,,,,,,
701,0,10,BuildingItem,,,0,0,0,3,0,0,,0,,1,,,,,,,,,,,,,,,,,,,,,
799,8,1,WorldMainUI,bottomNode/btn_Home,,801,0,0,3,0,0,,0,Home,0,,,,,,,,,,,,,,,,,,,,,
801,0,1,MainUI,Bottom/btnNode/btn_Build,,802,0,0,3,0,0,,0,,1,,,,,,,,,,,,,,,,,,,,,
802,0,2,BuildingListPanel,bottom/Scroll/view/content,,803,0,0,3,0,0,,0,,0,,,,,,,,,,,,,,,,,,,,,
803,0,3,BuildingItem,BuildingTile/BtnSure,,0,0,0,3,0,0,,0,,0,,,,,,,,,,,,,,,,,,,,,
899,9,1,WorldMainUI,bottomNode/btn_Home,,901,0,0,3,0,0,,0,Home,0,,,,,,,,,,,,,,,,,,,,,
901,0,11,BuildingItem,,,902,0,0,3,0,0,,-20,,1,,,,,,,,,,,,,,,,,,,,,
902,0,7,,Army,,0,0,0,3,0,0,,0,,0,,,,,,,,,,,,,,,,,,,,,
999,10,1,WorldMainUI,bottomNode/btn_Home,,1001,0,0,3,0,0,,0,Home,0,,,,,,,,,,,,,,,,,,,,,
1001,0,12,BuildingItem,,,1002,0,0,3,0,0,,0,,1,,,,,,,,,,,,,,,,,,,,,
1002,0,7,,Army,,,0,0,3,0,0,,0,,0,,,,,,,,,,,,,,,,,,,,,
1099,11,1,WorldMainUI,bottomNode/btn_Home,,1101,0,0,3,0,0,,0,Home,0,,,,,,,,,,,,,,,,,,,,,
1101,0,1,MainUI,Bottom/btnNode/btn_Build,,1102,0,0,3,0,0,,0,,1,,,,,,,,,,,,,,,,,,,,,
1102,0,2,BuildingListPanel,bottom/Scroll/view/content,,1103,0,0,3,0,0,,0,,0,,,,,,,,,,,,,,,,,,,,,1
1103,0,3,BuildingItem,ContentNode/ItemFunctionTile/BtnSure,,0,0,0,3,0,0,,0,,0,,,,,,,,,,,,,,,,,,,,,
1201,12,2,SciencePanel,ScrollView/view/content,,0,0,0,3,0,0,,0,,0,,,,,,,,,,,,,,,,,,,,,
1299,13,1,WorldMainUI,bottomNode/btn_Home,,1301,0,0,3,0,0,,0,Home,0,,,,,,,,,,,,,,,,,,,,,
1301,0,13,,,,1302,0,0,3,0,0,,0,,1,,,,,,,,,,,,,,,,,,,,,
1302,0,7,,Science,,1303,0,0,3,0,0,,0,,0,,,,,,,,,,,,,,,,,,,,,
1303,0,2,SciencePanel,ScrollView/view/content,BaseNode/ItemBtn,1304,0,0,3,0,0,,0,,0,,,,,,,,,,,,,,,,,,,,,
1304,0,1,ScienceLearnPanel,btnResearch,,0,0,0,3,0,0,,0,,0,,,,,,,,,,,,,,,,,,,,,
1401,14,1,MainUI,Bottom/btnNode/btn_World,,1402,0,0,3,0,0,,0,WorldMap,0,,,,,,,,,,,,,,,,,,,,,
1402,0,1,WorldMainUI,bottomNode/btn_Fight,,1403,0,0,3,0,0,,0,,0,,,,,,,,,,,,,,,,,,,,,
1403,0,1,prefabMonsterSearchNew,bg_1/MonsterSearch/btnFix,,0,0,0,3,0,0,,0,,0,,,,,,,,,,,,,,,,,,,,,
1501,15,1,MainUI,Bottom/btnNode/btn_World,,1502,0,0,3,0,0,,0,WorldMap,0,,,,,,,,,,,,,,,,,,,,,
1502,0,1,WorldMainUI,bottomNode/btn_Fight,,1503,0,0,3,0,0,,0,,0,,,,,,,,,,,,,,,,,,,,,
1503,0,1,prefabMonsterSearchNew,bg_1/MonsterSearch/btnFix,,0,0,0,3,0,0,,0,,0,,,,,,,,,,,,,,,,,,,,,
1601,16,1,MainUI,Bottom/btnNode/btn_World,,1602,0,0,3,0,0,,0,WorldMap,0,,,,,,,,,,,,,,,,,,,,,
1602,0,1,WorldMainUI,bottomNode/btn_Fight,,1603,0,0,3,0,0,,0,,0,,,,,,,,,,,,,,,,,,,,,
1603,0,1,prefabMonsterSearchNew,bg_1/MonsterSearch/btnFix,,0,0,0,3,0,0,,0,,0,,,,,,,,,,,,,,,,,,,,,
1699,17,1,WorldMainUI,bottomNode/btn_Home,,1701,0,0,3,0,0,,0,Home,0,,,,,,,,,,,,,,,,,,,,,
1701,0,11,BuildingItem,,,1702,0,0,3,0,0,,-20,,1,,,,,,,,,,,,,,,,,,,,,
1702,0,7,,Army,,,0,0,3,0,0,,0,,0,,,,,,,,,,,,,,,,,,,,,
1801,18,1,MainUI,RightBottom/btnAlliance,,1802,0,0,3,0,0,,0,,0,,,,,,,,,,,,,,,,,,,,,
1802,0,1,AllianceMainPanel,CONTENT/AllianceMainPanel/FunctionScrollView/view/content/1,,1803,0,0,3,0,0,,0,,0,,,,,,,,,,,,,,,,,,,,,
1803,0,1,AllianceHelpPanel_New,bottomNode/btnHelp,,0,0,0,3,0,0,,0,,0,,,,,,,,,,,,,,,,,,,,,
1901,19,1,MainUI,Bottom/btnNode/btn_World,,1902,0,0,3,0,0,,0,WorldMap,0,,,,,,,,,,,,,,,,,,,,,
1902,0,1,MainUI,Top/ProgressEnergy/AddEnergy,,0,0,0,3,0,0,,0,,0,,,,,,,,,,,,,,,,,,,,,
2001,20,1,WorldMainUI,bottomNode/btn_Home,,2002,0,0,3,0,0,,0,Home,0,,,,,,,,,,,,,,,,,,,,,
2002,0,14,,,,2003,,,,,,,,,,,,,,,,,,,,,,,,,,,,,,
2003,0,1,,MoneyTree,,0,0,0,3,0,0,,0,,0,,,,,,,,,,,,,,,,,,,,,
2101,21,1,WorldMainUI,bottomNode/btn_Home,,2102,0,0,3,0,0,,0,Home,0,,,,,,,,,,,,,,,,,,,,,
2102,0,1,MainUI,Top/giftShopBtnNode,,2103,0,0,3,0,0,,0,,0,,,,,,,,,,,,,,,,,,,,,
2103,0,1,,,,0,0,0,3,0,0,,0,,0,,,,,,,,,,,,,,,,,,,,,
2201,22,1,WorldMainUI,bottomNode/btn_Home,,2202,0,0,3,0,0,,0,Home,0,,,,,,,,,,,,,,,,,,,,,
2202,0,1,MainUI,Top/coinNodeHome/1/AddCoin,,2203,0,0,3,0,0,,0,,0,,,,,,,,,,,,,,,,,,,,,
2203,0,1,MyCoinPanel,btnShowVideo,,0,0,0,3,0,0,,0,,0,,,,,,,,,,,,,,,,,,,,,
2299,23,1,WorldMainUI,bottomNode/btn_Home,,2301,0,0,3,0,0,,0,Home,0,,,,,,,,,,,,,,,,,,,,,
2301,0,13,,,,2302,0,0,3,0,0,,0,,1,,,,,,,,,,,,,,,,,,,,,
2302,0,7,,Science,,2303,0,0,3,0,0,,0,,0,,,,,,,,,,,,,,,,,,,,,
2303,0,2,SciencePanel,ScrollView/view/content,BaseNode/ItemBtn,2304,0,0,3,0,0,,0,,0,,,,,,,,,,,,,,,,,,,,,
2304,0,1,ScienceLearnPanel,img_shurukuang/NeedPreconditionNode/beforeButton,,0,0,0,3,0,0,,0,,0,,,,,,,,,,,,,,,,,,,,,
2401,24,1,WorldMainUI,bottomNode/btn_Home,,2402,0,0,3,0,0,,0,Home,0,,,,,,,,,,,,,,,,,,,,,
2402,0,1,MainUI,RightBottom/btnHero,,0,0,0,3,0,0,,0,,0,,,,,,,,,,,,,,,,,,,,,
2501,25,1,WorldMainUI,bottomNode/btn_Home,,2502,0,0,3,0,0,,0,Home,0,,,,,,,,,,,,,,,,,,,,,
2502,0,1,MainUI,RightBottom/btnHero,,2503,0,0,3,0,0,,0,,0,,,,,,,,,,,,,,,,,,,,,
2503,0,1,HeroListPopup,bottomBg/New Layout/getHeroBtn,,0,0,0,3,0,0,,0,,0,,,,,,,,,,,,,,,,,,,,,
2601,26,1,MainUI,RightBottom/btnAlliance,,2602,0,0,3,0,0,,0,,0,,,,,,,,,,,,,,,,,,,,,
2602,0,1,AllianceMainPanel,CONTENT/AllianceMainPanel/FunctionScrollView/view/content/1,,0,0,0,3,0,0,,0,,0,,,,,,,,,,,,,,,,,,,,,
2701,27,1,MainUI,RightBottom/btnAlliance,,2702,0,0,3,0,0,,0,,0,,,,,,,,,,,,,,,,,,,,,
2702,0,1,AllianceMainPanel,CONTENT/AllianceMainPanel/FunctionScrollView/view/content/2,,0,0,0,3,0,0,,0,,0,,,,,,,,,,,,,,,,,,,,,
2901,29,13,,,,2902,0,0,3,0,0,,0,,0,,,,,,,,,,,,,,,,,,,,,
2902,0,7,,Science,,2903,0,0,3,0,0,,0,,0,,,,,,,,,,,,,,,,,,,,,
2903,0,1,SciencePanel,ToggleContainer/toggle2,,0,0,0,3,0,0,,0,,0,,,,,,,,,,,,,,,,,,,,,
3501,0,1,MainUI,RightBottom/btnHero,,0,0,0,3,0,0,,0,,0,,,,,,,,,,,,,,,,,,,,,
3601,0,1,MainUI,RightBottom/btnAlliance,RightBottom/btnAlliance,0,0,0,3,0,0,,0,,0,,,,,,,,,,,,,,,,,,,,,
3701,35,1,MainUI,Bottom/btnNode/btn_World,,3702,0,0,3,0,0,,0,WorldMap,0,,,,,,,,,,,,,,,,,,,,,
3702,0,1,WorldMainUI,bottomNode/btn_Fight,,0,0,0,3,0,0,,0,,0,,,,,,,,,,,,,,,,,,,,,
3801,0,1,MainUI,Bottom/btnNode/btn_Build,,3802,0,0,3,0,0,,0,,1,,,,,,,,,,,,,,,,,,,,,
3802,0,2,BuildingListPanel,bottom/Scroll/view/content,,3803,0,0,3,0,0,,0,,0,,,,,,,,,,,,,,,,,,,,,
3803,0,2,BuildingListPanel,bottom/Scroll/view/content,,0,0,0,3,0,0,,0,,0,,,,,,,,,,,,,,,,,,,,,
3901,0,1,AdventureEntrancePanel,CONTENT/AdventureEntrancePanel/ScrollView/view/content/itemNode1,,0,0,0,3,0,0,,0,,0,,,,,,,,,,,,,,,,,,,,,
4001,36,1,MainUI,Bottom/btnNode/btn_World,,4002,0,0,3,0,0,,0,WorldMap,0,,,,,,,,,,,,,,,,,,,,,
4002,0,1,WorldMainUI,bottomNode/btn_Fight,,4003,0,0,3,0,0,,0,,0,,,,,,,,,,,,,,,,,,,,,
4003,0,1,prefabMonsterSearchNew,bg_1/New ScrollView/view/ToggleContainer/toggle3,,4004,0,0,3,0,0,,0,,0,,,,,,,,,,,,,,,,,,,,,
4004,0,1,prefabMonsterSearchNew,bg_1/MonsterSearch/btnFix,,0,0,0,3,0,0,,0,,0,,,,,,,,,,,,,,,,,,,,,
5001,0,1,AdventureMainPanel,AdventureMainUINode/Bottom/Layout/goChallegeBtn,,0,0,0,3,0,0,,0,,0,,,,,,,,,,,,,,,,,,,,,
5002,0,1,AdventureMainPanel,posNode/CollectNode,,0,0,0,3,0,0,,0,,0,,,,,,,,,,,,,,,,,,,,,
4101,37,1,AllianceMainPanel,CONTENT/AllianceMainPanel/FunctionScrollView/view/content/4,,0,0,0,3,0,0,,0,,0,,,,,,,,,,,,,,,,,,,,,
4201,38,1,AllianceMainPanel,CONTENT/AllianceMainPanel/FunctionScrollView/view/content/6,,0,0,0,3,0,0,,0,,0,,,,,,,,,,,,,,,,,,,,,
4301,39,1,AllianceMainPanel,CONTENT/AllianceMainPanel/FunctionScrollView/view/content/2,,0,0,0,3,0,0,,0,,0,,,,,,,,,,,,,,,,,,,,,
4401,40,1,AllianceMainPanel,CONTENT/AllianceMainPanel/FunctionScrollView/view/content/1,,0,0,0,3,0,0,,0,,0,,,,,,,,,,,,,,,,,,,,,
4501,41,1,WorldMainUI,bottomNode/btn_Home,,4502,0,0,3,0,0,,0,Home,0,,,,,,,,,,,,,,,,,,,,,
4502,41,16,,,,,0,0,3,0,0,,-20,,1,,,,,,,,,,,,,,,,,,,,,
4601,46,1,IsleMainPanel,Bottom/HeroNode/btnFight,,0,0,0,3,0,0,,0,,0,,,,,,,,,,,,,,,,,,,,,
5101,50,1,MainUI,Top/mainTopNode/2nd_main_top_bg/AuthorBtn,,5102,0,0,3,0,0,,0,,0,,,,,,,,,,,,,,,,,,,,,
5102,50,1,UserInfoMainPanel,contentNode/userInfoNode/btnChangeName,,0,0,0,3,0,0,,0,,0,,,,,,,,,,,,,,,,,,,,,
5201,50,1,MainUI,Top/mainTopNode/2nd_main_top_bg/ProgressExp/AuthorBtn,,5202,0,0,3,0,0,,0,,0,,,,,,,,,,,,,,,,,,,,,
5202,50,1,UserInfoMainPanel,contentNode/userInfoNode/NameLayout/FlagSprite,,0,0,0,3,0,0,,0,,0,,,,,,,,,,,,,,,,,,,,,
5301,53,100,,,,5302,0,0,3,0,0,,-20,,0,6,,,,,,,,,,,,,,,,,,,,
5302,53,20,,,,5303,0,0,3,0,0,,-20,,1,,,,,,,,,,,,,,,,,,,,,
5303,53,7,,SpeedUp,,5304,0,0,3,0,0,,0,,0,,,,,,,,,,,,,,,,,,,,,
5304,53,1,ArmySpeedPopup,bottomBg/commenNode/SpeedUsePropBtn,,0,0,0,3,0,0,,0,,0,,,,,,,,,,,,,,,,,,,,,
5401,54,1,WorldMainUI,bottomNode/btn_Home,,5402,0,0,3,0,0,,0,Home,0,,,,,,,,,,,,,,,,,,,,,
5402,0,23,,BtnGrowthNode,,5403,0,0,3,0,0,,0,,1,2000,,,,,,,,,,,,,,,,,,,,
5403,0,7,,,,0,0,0,3,0,0,,0,,1,2,,,,,,,,,,,,,,,,,,,,
5501,55,1,WorldMainUI,bottomNode/btn_Home,,5502,0,0,3,0,0,,0,Home,0,,,,,,,,,,,,,,,,,,,,,
5502,55,1,MainUI,RightBottom/btnHero,,5503,0,0,3,0,0,,0,,0,,,,,,,,,,,,,,,,,,,,,
5503,55,2,HeroListPopup,ScrollView/view/content,hero_bg,5504,0,0,3,0,0,,0,,0,,,,,,,,,,,,,,,,,,,,,
5504,55,1,HeroDetailPopup,bottomNode/ToggleContainer/toggle2,,0,0,0,3,0,0,,0,,0,,,,,,,,,,,,,,,,,,,,,
5601,55,1,WorldMainUI,bottomNode/btn_Home,,5602,0,0,3,0,0,,0,Home,0,,,,,,,,,,,,,,,,,,,,,
5602,55,1,MainUI,RightBottom/btnHero,,5603,0,0,3,0,0,,0,,0,,,,,,,,,,,,,,,,,,,,,
5603,55,2,HeroListPopup,ScrollView/view/content,hero_bg,5604,0,0,3,0,0,,0,,0,,,,,,,,,,,,,,,,,,,,,
5604,55,1,HeroDetailPopup,bottomNode/ToggleContainer/toggle3,,0,0,0,3,0,0,,0,,0,,,,,,,,,,,,,,,,,,,,,
5701,0,1,MainUI,RightBottom/btnAlliance,,5702,0,0,3,0,0,,0,,0,,,,,,,,,,,,,,,,,,,,,
5702,39,1,AllianceMainPanel,CONTENT/AllianceMainPanel/FunctionScrollView/view/content/2,,0,0,0,3,0,0,,0,,0,,,,,,,,,,,,,,,,,,,,,
5801,58,1,WorldMainUI,bottomNode/btn_Home,,5802,0,0,3,0,0,,0,Home,0,,,,,,,,,,,,,,,,,,,,,
5802,58,1,MainUI,Top/Home_Layout_Left/professionNode,,0,0,0,3,0,0,,0,,0,,,,,,,,,,,,,,,,,,,,,
5901,59,17,,,,5902,0,0,3,0,0,,0,,1,,,,,,,,,,,,,,,,,,,,,
5902,59,7,,ProfessionTalentBtn,,5903,0,0,3,0,0,,0,,1,,,,,,,,,,,,,,,,,,,,,
5903,59,2,ProfessionTalentPrefab,ScrollView/view/content/baseNode,bg,0,0,0,3,0,0,,0,,1,,,,,,,,,,,,,,,,,,,,,
6001,60,100,,,,6002,0,0,3,0,0,,0,,0,4,1349,,,,,,,,,,,,,,,,,,,
6002,60,18,HeroGetNewPopup,,,0,0,0,3,0,0,,0,,0,101,,,,,,,,,,,,,,,,,,,,
6101,61,26,FinancialCenterPanel,,,0,0,0,3,0,0,,0,,0,2,,,,,,,,,,,,,,,,,,,,
6201,62,100,,,,6202,0,0,3,0,0,,0,,0,5,,,,,,,,,,,,,,,,,,,,
6202,62,18,ChapterTaskGuidePanel,,,6203,0,0,3,0,0,,0,,0,,,,,,,,,,,,,,,,,,,,,
6203,62,19,,,,6204,0,0,3,0,0,,0,,0,ChapterTaskGuidePanelClose,,,,,,,,,,,,,,,,,,,,
6204,62,1,MainUI,Bottom/QuestNode/layoutNode/ChapterQuestNode/baseNode/btnNode/desc,,0,0,0,3,0,0,,0,,0,,,,,,,,,,,,,,,,,,,,,
6301,58,1,WorldMainUI,bottomNode/btn_Home,,6302,0,0,3,0,0,,0,Home,0,,,,,,,,,,,,,,,,,,,,,
6302,63,100,,,,6303,0,0,3,0,0,,0,,0,7,,,,,,,,,,,,,,,,,,,,
6303,63,16,,,,0,0,0,3,0,0,,0,,1,,,,,,,,,,,,,,,,,,,,,
6401,63,100,,,,6402,0,0,3,0,0,,0,,0,8,,,,,,,,,,,,,,,,,,,,
6402,62,1,MainUI,Bottom/QuestNode/layoutNode/MainQuestNode/btnNode/desc,,0,0,0,3,0,0,,0,,0,,,,,,,,,,,,,,,,,,,,,
6501,65,100,,,,6502,0,0,3,0,0,,0,,0,9,,,,,,,,,,,,,,,,,,,,
6502,65,21,,,,0,0,0,3,0,0,,0,,0,1308,,,,,,,,,,,,,,,,,,,,
6601,66,100,,,,0,0,0,3,0,0,,0,,0,11,,,,,,,,,,,,,,,,,,,,
6701,67,100,,,,6702,0,0,3,0,0,,0,,0,12,,,,,,,,,,,,,,,,,,,,
6702,67,22,AllianceMainPanel,alliance_msg_bg/GuideNode1,,6703,0,0,3,0,0,,0,,0,,,The basic information of the Alliance shows here.,2,0.0,0.0,,,,,,,,,,,,,,,
6703,67,22,AllianceMainPanel,GuideNode2,,6704,0,0,3,0,0,,0,,0,,,Here are the features of the Alliance. Tap on each feature to view more information.,2,0.0,0.0,,,,,,,,,,,,,,,
6704,67,22,AllianceMainPanel,bottomBg,,6705,0,0,3,0,0,,0,,0,,,You may view the Settings and info of the Alliance here; such as alliance members; rankings; etc.,1,0.0,0.0,,,,,,,,,,,,,,,
6705,67,100,,,,0,0,0,3,0,0,,0,,0,13,,,,,,,,,,,,,,,,,,,,
6801,68,1,WorldMainUI,bottomNode/btn_Home,,6802,0,0,3,0,0,,0,Home,0,,,,,,,,,,,,,,,,,,,,,
6802,0,23,,BtnAllianceAssistance,,6803,0,0,3,0,0,,0,,1,2500,,,,,,,,,,,,,,,,,,,,
6803,0,7,,,,6804,0,0,3,0,0,,0,,1,,,,,,,,,,,,,,,,,,,,,
6804,0,1,ProtectCastleAssitantPanelNew,titleNode/container/toggle4,,6805,0,0,3,0,0,,0,,1,,,,,,,,,,,,,,,,,,,,,
6805,0,1,ProtectCastleAssitantPanelNew,content/ArenaMainPanelCastleView/Node/ScrollView/view/content/item1,,0,0,0,3,0,0,,0,,1,,,,,,,,,,,,,,,,,,,,,
6901,69,1,WorldMainUI,bottomNode/btn_Home,,6902,0,0,3,0,0,,0,Home,0,,,,,,,,,,,,,,,,,,,,,
6902,69,23,,BtnAllianceAssistance,,6903,0,0,3,0,0,,0,,1,2500,,,,,,,,,,,,,,,,,,,,
6903,69,7,,,,6904,0,0,3,0,0,,0,,1,,,,,,,,,,,,,,,,,,,,,
6904,69,1,ProtectCastleAssitantPanelNew,titleNode/container/toggle4,,6905,0,0,3,0,0,,0,,1,,,,,,,,,,,,,,,,,,,,,
6905,69,1,ProtectCastleAssitantPanelNew,content/ArenaMainPanelCastleView/Node/ScrollView/view/content/item2,,0,0,0,3,0,0,,0,,1,,,,,,,,,,,,,,,,,,,,,
7001,69,100,,,,7102,0,0,3,0,0,,0,,0,16,,,,,,,,,,,,,,,,,,,,
7002,69,23,,BrokenNode,,7003,0,0,3,0,0,,0,,1,3900,,,,,,,,,,,,,,,,,,,,
7003,69,7,,,,0,0,0,3,0,0,,0,,1,,,,,,,,,,,,,,,,,,,,,
7101,71,100,,,,7102,0,0,3,0,0,,0,,0,14,,,,,,,,,,,,,,,,,,,,
7102,71,22,HeadquartersPanel,scienceNode/330000/guideNode,,7103,0,0,3,0,0,,0,,0,,,Tap to raise the level of the HQ.\nRaising the level of HQ may improve your combat power.,2,0.0,0.0,,,,,,,,,,,,,,,
7103,71,100,,,,7104,0,0,3,0,0,,0,,0,455,,,,,,,,,,,,,,,,,,,,
7104,71,1,HeadquartersPanel,scienceNode/330000/leftnode/BaseNode/getButton,,0,0,0,3,0,0,,0,,0,,,,,,,,,,,,,,,,,,,,,
7201,72,1,WorldMainUI,bottomNode/btn_Home,,7202,0,0,3,0,0,,0,Home,0,,,,,,,,,,,,,,,,,,,,,
7202,0,23,,Headquarters,,7203,0,0,3,0,0,,0,,1,3900,,,,,,,,,,,,,,,,,,,,
7203,0,7,,,,7204,0,0,3,0,0,,0,,0,,,,,,,,,,,,,,,,,,,,,
7204,0,24,HeadquartersPanel,scienceNode/ScrollView/view/Container/content,BaseNode/btn,7205,0,0,3,0,0,,0,,0,,,,,,,,,,,,,,,,,,,,,
7205,0,2,HeadquartersLearnPanelNew,bg/btnResearch,,0,0,0,3,0,0,,0,,0,,,,,,,,,,,,,,,,,,,,,
7301,73,1,MainUI,Bottom/QuestNode/layoutNode/DailyQuestNode/icon,,7302,0,0,3,0,0,,0,,0,,,,,,,,,,,,,,,,,,,,,
7302,73,2,openBuildingViewPrefab,scrollview/view/content,goBtn,0,0,0,3,0,0,,0,,0,-1,,,,,,,,,,,,,,,,,,,,
7401,74,1,WorldMainUI,bottomNode/btn_Home,,7402,0,0,3,0,0,,0,Home,0,,,,,,,,,,,,,,,,,,,,,
7402,74,23,,BtnArmyEquipNew,,7403,0,0,3,0,0,,0,,1,4900,,,,,,,,,,,,,,,,,,,,
7403,74,7,,,,7404,0,0,3,0,0,,0,,0,,,,,,,,,,,,,,,,,,,,,
7404,74,1,ArmyEquipAndScienceMainPanel,ToggleContainer/toggle2,,0,0,0,3,0,0,,0,,0,,,,,,,,,,,,,,,,,,,,,
7501,75,1,,,,7502,0,0,3,0,0,,0,Home,0,,,,,,,,,,,,,,,,,,,,,
7502,75,23,,BtnArmyEquipNew,,7503,0,0,3,0,0,,0,,1,4900,,,,,,,,,,,,,,,,,,,,
7503,75,7,,,,0,0,0,3,0,0,,0,,0,,,,,,,,,,,,,,,,,,,,,
7601,76,1,WorldMainUI,bottomNode/btn_Home,,7602,0,0,3,0,0,,0,Home,0,,,,,,,,,,,,,,,,,,,,,
7602,76,23,,Headquarters,,7603,0,0,3,0,0,,0,,1,3900,,,,,,,,,,,,,,,,,,,,
7603,76,7,,,,7604,0,0,3,0,0,,0,,0,,,,,,,,,,,,,,,,,,,,,
7604,76,2,HeadquartersPanel,scienceNode/330000/leftnode/BaseNode/getButton,,0,0,0,3,0,0,,0,,0,,,,,,,,,,,,,,,,,,,,,
7701,77,1,WorldMainUI,bottomNode/btn_Home,,7702,0,0,3,0,0,,0,Home,0,,,,,,,,,,,,,,,,,,,,,
7702,77,23,,Adventure,,7703,0,0,3,0,0,,0,,1,3800,,,,,,,,,,,,,,,,,,,,
7703,77,7,,,,5001,0,0,3,0,0,,0,,0,,,,,,,,,,,,,,,,,,,,,
7801,78,1,WorldMainUI,bottomNode/btn_Home,,7802,0,0,3,0,0,,0,Home,0,,,,,,,,,,,,,,,,,,,,,
7802,0,23,,Adventure,,7803,0,0,3,0,0,,0,,1,3800,,,,,,,,,,,,,,,,,,,,
7803,0,7,,,,5002,0,0,3,0,0,,0,,0,,,,,,,,,,,,,,,,,,,,,
7901,79,100,,,,7902,0,0,3,0,0,,0,,0,18,,,,,,,,,,,,,,,,,,,,
7902,79,1,CollectionMachine,btnCollect1,,0,0,0,3,0,0,,0,,0,,,,,,,,,,,,,,,,,,,,,
8001,80,100,,,,0,0,0,3,0,0,,0,,0,21,,,,,,,,,,,,,,,,,,,,
8101,81,100,,,,0,0,0,3,0,0,,0,,0,22,,,,,,,,,,,,,,,,,,,,
8201,82,100,,,,8202,0,0,3,0,0,,0,,0,23,1349,,,,,,,,,,,,,,,,,,,
8202,82,18,HeroGetNewPopup,,,8203,0,0,3,0,0,,0,,0,101,,,,,,,,,,,,,,,,,,,,
8203,82,1,HeroGetNewPopup,hero_ui_bottom/bottomNode/sure,,0,0,0,3,0,0,,0,,0,,,,,,,,,,,,,,,,,,,,,
8204,82,100,,,,0,0,0,3,0,0,,0,,0,24,,,,,,,,,,,,,,,,,,,,
8301,83,23,,AutoCollect,,8302,0,0,3,0,0,,0,,1,1800,,,,,,,,,,,,,,,,,,,,
8302,83,7,,,,8303,0,0,3,0,0,,0,,0,,,,,,,,,,,,,,,,,,,,,
8303,83,1,CollectionMachine,btnCollect1,,0,0,0,3,0,0,,0,,0,,,,,,,,,,,,,,,,,,,,,
8501,85,23,,AutoCollect,,8502,0,0,3,0,0,,0,,1,1800,,,,,,,,,,,,,,,,,,,,
8502,85,7,,,,8503,0,0,3,0,0,,0,,0,,,,,,,,,,,,,,,,,,,,,
8503,85,1,CollectionMachine,btnCollect2,,8504,0,0,3,0,0,,0,,0,,,,,,,,,,,,,,,,,,,,,
8504,85,1,CollectionMachineTips,layout/button_yes,,0,0,0,3,0,0,,0,,0,,,,,,,,,,,,,,,,,,,,,
8401,84,100,,,,8402,0,0,3,0,0,,0,,0,25,,,,,,,,,,,,,,,,,,,,
8402,84,22,DimMineView,mainNode/TopNode/canGetNode,,8403,0,0,3,0,0,,0,,0,,,Here shows the Premium Mines you could search. Go get 'em!,2,0.0,0.0,,,,,,,,,,,,,,,
8403,84,22,DimMineView,mainNode/bottom/btNode,,8405,0,0,3,0,0,,0,,0,,,Here is a record of the number of actions you can take in the Dimensional Mine in a single day. Please use them wisely.\nGarrison in the Mines to earn points. The higher the points; the more likely to find rare Mine tiles.,1,0.0,0.0,,,,,,,,,,,,,,,
8405,84,22,DimMineView,mainNode/bottom/mineNode,,8406,0,0,3,0,0,,0,,0,,,Commander; you may view the Mines you've conquered here. Please claim the final rewards before taking any new actions.,1,0.0,0.0,,,,,,,,,,,,,,,
8406,84,22,DimMineView,mainNode/MidNode/content/3,,0,0,0,3,0,0,,0,,0,,,Now; you may choose a Mine to attack. Good luck; commander!,1,0.0,0.0,,,,,,,,,,,,,,,
8801,88,100,,,,8802,0,0,3,0,0,,0,,0,26,,,,,,,,,,,,,,,,,,,,
8802,88,2,AllianceTerritoryMainPanel,selectNode1/AllianceFortressTabView/ScrollView/view/content,Btn Node/NodeEmpty/btnCreate,0,0,0,3,0,0,,0,,0,,,,,,,,,,,,,,,,,,,,,
9101,89,1,WorldMainUI,bottomNode/btn_Home,,9102,0,0,3,0,0,,0,Home,0,,,,,,,,,,,,,,,,,,,,,
9102,89,21,,,,0,0,0,3,0,0,,0,,1,708,,,,,,,,,,,,,,,,,,,,
9201,90,1,WorldMainUI,bottomNode/btn_Home,,9202,0,0,3,0,0,,0,Home,0,,,,,,,,,,,,,,,,,,,,,
9202,90,25,,,,0,0,0,3,0,0,,0,,1,,,,,,,,,,,,,,,,,,,,,
9301,93,1,WorldMainUI,bottomNode/btn_Home,,9302,0,0,3,0,0,,0,Home,0,,,,,,,,,,,,,,,,,,,,,
9302,93,20,,,,0,0,0,3,0,0,,0,,1,8500,,,,,,,,,,,,,,,,,,,,
9400,94,100,,,,9401,0,0,3,0,0,,0,,0,31,,,,,,first_hero_guide9400,,,,,,,,,,,,,,
9401,0,1,PveVsPanelNew,btnFight,,9402,0,0,3,0,0,,0,,0,,,,,,,first_hero_9401,,,,,,,,,,,,,,
9402,0,2,NBattleMain,ui/BattlePanel/myHeroNode,bg_icon,9403,0,0,3,0,0,,0,,0,,,,,,,first_hero_9402,,,,,,,,,,,,,,
9403,0,2,HeroSelectMarchPopup,New ScrollView/view/content,herobg_0,9405,0,0,3,0,0,,0,,0,101,,,,,,first_hero_9403,,,,,,,,,,,,,,
9404,0,1,NBattleMain,ui/BattlePanel/Bottom/New Layout/btn1,,0,0,0,3,0,0,,0,,0,,,,,,,first_hero_9404,,,,,,,,,,,,,,
9405,0,1,NBattleMain,ui/BattlePanel/button,,0,0,0,3,0,0,,0,,0,,,,,,,first_hero_9405,,,,,,,,,,,,,,
9480,0,1,NBattleMain,ui/BattlePanel/Bottom/New Layout/btn1,,0,0,0,3,0,0,,0,,0,,,,,,,first_hero_9404,,,,,,,,,,,,,,
9490,0,2,NBattleMain,ui/BattlePanel/Bottom/New ScrollView/view/content,,0,0,0,3,0,0,,0,,0,,,,,,,first_hero_9404,,,,,,,,,,,,,,
9501,95,100,,,,9502,0,0,3,0,0,,0,,0,14,,,,,,,,,,,,,,,,,,,,
9502,0,22,HeadquartersPanelOld,scienceNode/ScrollView/view/Container/topContent/330000,,9503,0,0,3,0,0,,0,,0,,,Tap to raise the level of the HQ.\nRaising the level of HQ may improve your combat power.,2,0.0,0.0,,,,,,,,,,,,,,,
9503,0,100,,,,9504,0,0,3,0,0,,0,,0,15,,,,,,,,,,,,,,,,,,,,
9504,0,1,HeadquartersPanelOld,scienceNode/ScrollView/view/Container/topContent/330000/BaseNode/ItemBtn,,9505,0,0,3,0,0,,0,,0,,,,,,,,,,,,,,,,,,,,,
9505,0,1,HeadquartersLearnPanel,btnResearch,,0,0,0,3,0,0,,0,,0,,,,,,,,,,,,,,,,,,,,,
9601,96,1,WorldMainUI,bottomNode/btn_Home,,9602,0,0,3,0,0,,0,Home,0,,,,,,,,,,,,,,,,,,,,,
9602,0,23,,Headquarters,,9603,0,0,3,0,0,,0,,1,3900,,,,,,,,,,,,,,,,,,,,
9603,0,7,,,,9604,0,0,3,0,0,,0,,0,,,,,,,,,,,,,,,,,,,,,
9604,0,24,HeadquartersPanelOld,scienceNode/ScrollView/view/Container/content,BaseNode/ItemBtn,9605,0,0,3,0,0,,0,,0,,,,,,,,,,,,,,,,,,,,,
9605,0,1,HeadquartersLearnPanel,btnResearch,,0,0,0,3,0,0,,0,,0,,,,,,,,,,,,,,,,,,,,,
9701,97,1,WorldMainUI,bottomNode/btn_Home,,9702,0,0,3,0,0,,0,Home,0,,,,,,,,,,,,,,,,,,,,,
9702,0,23,,Headquarters,,9703,0,0,3,0,0,,0,,1,3900,,,,,,,,,,,,,,,,,,,,
9703,0,7,,,,9704,0,0,3,0,0,,0,,0,,,,,,,,,,,,,,,,,,,,,
9704,0,24,HeadquartersPanelOld,scienceNode/ScrollView/view/Container/topContent,BaseNode/ItemBtn,9705,0,0,3,0,0,,0,,0,,,,,,,,,,,,,,,,,,,,,
9705,0,1,HeadquartersLearnPanel,btnResearch,,0,0,0,3,0,0,,0,,0,,,,,,,,,,,,,,,,,,,,,
9801,98,100,,,,9802,0,0,3,0,0,,0,,0,18,,,,,,,,,,,,,,,,,,,,
9802,0,23,,AutoCollect,,9803,0,0,3,0,0,,0,,0,1800,,,,,,,,,,,,,,,,,,,,
9803,0,7,,,,0,0,0,3,0,0,,0,,0,,,,,,,,,,,,,,,,,,,,,
9901,99,1,WorldMainUI,bottomNode/btn_Home,,9902,0,0,3,0,0,,0,Home,0,,,,,,,,,,,,,,,,,,,,,
9902,0,23,,Headquarters,,9903,0,0,3,0,0,,0,,1,3900,,,,,,,,,,,,,,,,,,,,
9903,0,7,,,,0,0,0,3,0,0,,0,,0,,,,,,,,,,,,,,,,,,,,,
10001,100,1,WorldMainUI,bottomNode/btn_Home,,10002,0,0,3,0,0,,0,Home,0,,,,,,,,,,,,,,,,,,,,,
10002,0,1,MainUI,Bottom/btnNode/btn_Build,,0,0,0,3,0,0,,0,,1,,,,,,,,,,,,,,,,,,,,,
10101,101,1,WorldMainUI,bottomNode/btn_Home,,10102,0,0,3,0,0,,0,Home,0,,,,,,,,,,,,,,,,,,,,,
10102,0,13,,,,10103,0,0,3,0,0,,0,,1,1900,,,,,,,,,,,,,,,,,,,,
10103,0,7,,Science,,0,0,0,3,0,0,,0,,0,,,,,,,,,,,,,,,,,,,,,
10401,104,100,,,,10402,0,0,3,0,0,,0,,0,38,,,,,,,,,,,,,,,,,,,,
10402,0,2,HeroListPopup,ScrollView/view/content,hero_bg,0,0,0,3,0,0,,0,,0,,,,,,,,,,,,,,,,,,,,,
10301,103,100,prefabActivityNew,viewParentNode/130/130/HandPos,,0,0,0,3,0,0,,0,,0,35,,,,,,,,,,,,,,,,,,,,
10501,0,100,,,,10502,0,0,3,0,0,,0,,0,39,,,,,,,,,,,,,,,,,,,,
10502,0,2,HeroListPopup,ScrollView/view/content,hero_bg,10503,0,0,3,0,0,,0,,0,,,,,,,,,,,,,,,,,,,,,
10503,0,1,HeroDetailPopupHeroNew,Bg/patchSourceNode/patchNode/button,,10504,0,0,3,0,0,,0,,0,,,,,,,,,,,,,,,,,,,,,
10504,0,1,HeroStrengthenPanel,StarUpnode/HeroStarUpNode/node/upStarBtn,,0,0,0,3,0,0,,0,,0,,,,,,,,,,,,,,,,,,,,,
10601,0,100,,,,10602,0,0,3,0,0,,0,,0,40,,,,,,,,,,,,,,,,,,,,
10602,0,2,HeroListPopup,ScrollView/view/content,hero_bg,10603,0,0,3,0,0,,0,,0,,,,,,,,,,,,,,,,,,,,,
10603,0,22,HeroDetailPopupHeroNew,Bg/propertyIntroBtn,,10604,0,0,3,0,0,,0,,0,,,Upgrading the hero level can improve the attributes.\nThe War value increases the unit attack.\nThe Defense value increases the unit HP.\nThe Command value increases the march size.,1,0.0,0.0,,,,,,,,,,,,,,,
10604,0,1,HeroDetailPopupHeroNew,Bg/lvNode/lvNode/button,,10605,0,0,3,0,0,,0,,0,,,,,,,,,,,,,,,,,,,,,
10605,0,1,HeroStrengthenPanel,LevelUpnode/type1/btnNode/btnAuto,,0,0,0,3,0,0,,0,,0,,,,,,,,,,,,,,,,,,,,,
10701,0,100,,,,10702,0,0,3,0,0,,0,,0,41,,,,,,,,,,,,,,,,,,,,
10702,0,2,BagPanel,New ScrollView/view/content,PropItemNode/PropItem,10703,0,0,3,0,0,,0,,0,,,,,,,,,,,,,,,,,,,,,
10703,0,1,BagPanel,bottomBg/selItemD/useBtn,,0,0,0,3,0,0,,0,,0,,,,,,,,,,,,,,,,,,,,,
10801,0,100,,,,10802,0,0,3,0,0,,0,,0,43,,,,,,,,,,,,,,,,,,,,
10802,0,22,ArmyEquipAndScienceMainPanel,equipInstalNode/ArmyEquipInstallView/New ScrollView/view/content/Node1/guideNode1,,10803,0,0,3,0,0,,0,,0,,,Adjust components for each type of units; which give them different effects.,2,0.0,0.0,,,,,,,,,,,,,,,
10803,0,18,ArmyEquipItemRewardPanel,,,10804,0,0,3,0,0,,0,,0,400101,,,,,,,,,,,,,,,,,,,,
10804,0,19,,,,10805,0,0,3,0,0,,0,,0,ArmyEquipItemRewardPanelOpen,,,,,,,,,,,,,,,,,,,,
10805,0,19,,,,10806,0,0,3,0,0,,0,,0,ArmyEquipItemRewardPanelClose,,,,,,,Sergeant,Insert it in the Army slot; increase Army's HP!,-200,,,,,,,,,,,
10806,0,1,ArmyEquipAndScienceMainPanel,equipInstalNode/ArmyEquipInstallView/New ScrollView/view/content/Node1/Node/btnNode1/ItemNode_1_1/ArmyEquipItem/addNode,,10807,0,0,3,0,0,,0,,0,,,,,,,,,,,,,,,,,,,,,
10807,0,2,ArmyEquipListPopup,New ScrollView/view/content,unlockNode,10808,0,0,3,0,0,,0,,0,400101,,,,,,,,,,,,,,,,,,,,
10808,0,1,ArmyEquipListPopup,installBtn,,10809,0,0,3,0,0,,0,,0,,,,,,,,,,,,,,,,,,,,,
10809,0,1,ArmyEquipAndScienceMainPanel,equipInstalNode/ArmyEquipInstallView/New ScrollView/view/content/Node1/Node/btnNode1/0,,10810,0,0,3,0,0,,0,,0,,,,,,,,,,,,,,,,,,,,,
10810,0,19,,,,10811,0,0,3,0,0,,0,,0,EquipBuffInfoOpenComplete,,,,,,,,,,,,,,,,,,,,
10811,0,100,,,,0,0,0,3,0,0,,0,,0,44,,,,,,,,,,,,,,,,,,,,
10904,0,28,ActivityLuckyUnlimitedGiftPanel,B_20210301_libao/effect/02/cell1/Btnnode1/btnBuy1,,0,0,0,3,0,0,,0,,0,,,,,,,,,,,,,,,,,,,,,
11001,110,1,WorldMainUI,bottomNode/btn_Home,,11002,0,0,3,0,0,,0,Home,0,,,,,,,,,,,,,,,,,,,,,
11002,0,23,,BtnIsland,,11003,0,0,3,0,0,,0,,1,3100,,,,,,,,,,,,,,,,,,,,
11003,0,7,,,,0,0,0,3,0,0,,0,,0,,,,,,,,,,,,,,,,,,,,,
12001,120,1,WorldMainUI,bottomNode/btn_Home,,12002,0,0,3,0,0,,0,Home,0,,,,,,,,,,,,,,,,,,,,,
12002,120,23,,BtnAllianceAssistance,,12003,0,0,3,0,0,,0,,1,2500,,,,,,,,,,,,,,,,,,,,
12003,120,7,,,,12004,0,0,3,0,0,,0,,1,,,,,,,,,,,,,,,,,,,,,
12004,120,1,ProtectCastleAssitantPanelNew,titleNode/container/toggle4,,12005,0,0,3,0,0,,0,,1,,,,,,,,,,,,,,,,,,,,,
12005,120,1,ProtectCastleAssitantPanelNew,ArenaMainPanelCastleView/Node/ScrollView/view/content/item3,,0,0,0,3,0,0,,0,,1,,,,,,,,,,,,,,,,,,,,,
13001,74,1,WorldMainUI,bottomNode/btn_Home,,13002,0,0,3,0,0,,0,Home,0,,,,,,,,,,,,,,,,,,,,,
13002,74,23,,BtnArmyEquipNew,,13003,0,0,3,0,0,,0,,1,4900,,,,,,,,,,,,,,,,,,,,
13003,74,7,,,,13004,0,0,3,0,0,,0,,0,,,,,,,,,,,,,,,,,,,,,
13004,74,1,ArmyEquipAndScienceMainPanel,ToggleContainer/toggle3,,0,0,0,3,0,0,,0,,0,,,,,,,,,,,,,,,,,,,,,
14001,140,1,FortressListsPanel,ToggleContainer/toggle2,,14002,0,0,3,0,0,,0,,0,,,,,,,,,,,,,,,,,,,,,
14002,140,1,FortressListsPanel,contentNode/titleNode/Layout/toggle1,,0,0,0,3,0,0,,0,,0,,,,,,,,,,,,,,,,,,,,,
15001,150,1,FortressListsPanel,ToggleContainer/toggle2,,15002,0,0,3,0,0,,0,,0,,,,,,,,,,,,,,,,,,,,,
15002,150,1,FortressListsPanel,contentNode/titleNode/Layout/toggle2,,0,0,0,3,0,0,,0,,0,,,,,,,,,,,,,,,,,,,,,
16001,160,1,FortressListsPanel,ToggleContainer/toggle2,,16002,0,0,3,0,0,,0,,0,,,,,,,,,,,,,,,,,,,,,
16002,160,1,FortressListsPanel,contentNode/titleNode/Layout/toggle3,,0,0,0,3,0,0,,0,,0,,,,,,,,,,,,,,,,,,,,,
17001,170,1,WorldMainUI,bottomNode/btn_Home,,17002,0,0,3,0,0,,0,Home,0,,,,,,,,,,,,,,,,,,,,,
17002,170,17,,,,17003,0,0,3,0,0,,0,,1,,,,,,,,,,,,,,,,,,,,,
17003,74,7,,,,0,0,0,3,0,0,,0,,0,,,,,,,,,,,,,,,,,,,,,
50110,0,100,,,,50115,0,0,3,0,0,,0,,0,45,,,,,,,,,,,,,,,,,,,,
50115,0,31,,,,0,0,0,3,0,0,,,,,,,,,,,,,,,,,,,,,,,,,
50210,0,100,,,,50211,0,0,3,0,0,,0,,0,46,,,,,,,,,,,,,,,,,,,,
50211,0,30,,,,0,0,0,3,0,0,,0,,0,,,,,,,,,,,,,,,,,,,,,
50410,0,100,,,,50420,0,0,3,0,0,,0,,0,47,,,,,,,,,,,,,,,,,,,,
50420,0,29,,,,0,0,0,3,0,0,,0,,0,,,,,,,,,,,,,,,,,,,,,
50510,0,100,,,,0,0,0,3,0,0,,0,,0,49,,,,,,,,,,,,,,,,,,,,
50515,0,100,,,,50610,0,0,3,0,0,,0,,0,50,,,,,,,,,,,,,,,,,,,,
50610,0,30,,,,0,0,0,3,0,0,,0,,0,,,,,,,,,,,,,,,,,,,,,
50710,0,100,,,,0,0,0,3,0,0,,0,,0,52,,,,,,,,,,,,,,,,,,,,
50715,0,100,,,,50810,0,0,3,0,0,,0,,0,56,,,,,,,,,,,,,,,,,,,,
50810,0,29,,,,0,0,0,3,0,0,,0,,0,,,,,,,,,,,,,,,,,,,,,
50815,0,100,,,,50816,0,0,3,0,0,,0,,0,57,,,,,,,,,,,,,,,,,,,,
50816,0,30,,,,0,0,0,3,0,0,,0,,0,,,,,,,,,,,,,,,,,,,,,
50910,0,100,,,,0,0,0,3,0,0,,0,,0,54,,,,,,,,,,,,,,,,,,,,
51010,0,100,,,,0,0,0,3,0,0,,0,,0,58,,,,,,,,,,,,,,,,,,,,
18001,0,1,MainUI,RightBottom/btnAlliance,,18002,0,0,3,0,0,,0,,0,,,,,,,,,,,,,,,,,,,,,
18002,0,1,AllianceMainPanel,CONTENT/AllianceMainPanel/FunctionScrollView/view/content/4,,18003,0,0,3,0,0,,0,,0,,,,,,,,,,,,,,,,,,,,,
18003,0,1,AllianceTerritoryMainPanel,ToggleContainer/toggle3,,0,0,0,3,0,0,,0,,0,,,,,,,,,,,,,,,,,,,,,
19001,0,100,,,,19002,0,0,3,0,0,,0,,0,60,,,,,,,,,,,,,,,,,,,,
19002,0,22,AllianceBossPanel,topnode/Bnner_AllianceBossPopup,,19003,0,0,3,0,0,,0,,0,,,Slide left and right to view and select different types of Alliance Droids,2,,,,,,,,,,,,,,,,,
19003,0,22,AllianceBossPanel,titleNode/New ScrollView/view/levelContent,,19004,0,0,3,0,0,,0,,0,,,The difficulty of the Alliance Droid increases with the level.,2,,,,,,,,,,,,,,,,,
19004,0,22,AllianceBossPanel,bossInfoNode,,19005,0,0,3,0,0,,0,,0,,,Higher level grants better rewards. Note: Each type of Droid provides slightly different types of rewards.,1,,,,,,,,,,,,,,,,,
19005,0,1,AllianceBossPanel,topnode/Bnner_AllianceBossPopup/btnInfo,,0,0,0,3,0,0,,0,,0,,,,,,,,,,,,,,,,,,,,,
20000,0,1,MainUI,Bottom/QuestNode/layoutNode/MainQuestNode/icon,,0,0,0,3,0,0,,0,,0,,,,,,,,,,,,,,,,,,,,,
20010,0,1,MainUI,Bottom/btnNode/btn_World,,20011,0,0,3,0,0,,0,WorldMap,0,,,,,,,,,,,,,,,,,,,,,
20011,0,1,WorldMainUI,bottomNode/btn_Fight,,20012,0,0,3,0,0,,0,,0,3;44,,,,,,,,,,,,,,,,,,,,
20012,0,1,prefabMonsterSearchNew,bg_1/MonsterSearch/btnFix,,0,0,0,3,0,0,,0,,0,3;44,,,,,,,,,,,,,,,,,,,,
20100,0,2,prefabActivityNew,CONTENT/prefabActivityNew/viewParentNode/5421/5421/ScrollView/view/content/Itemcontent,btnJumpTo/layout,0,0,0,0,0,0,,0,,0,0,,,,,,,,,,,,,,,,,,,,
32000,0,100,,,,32001,0,0,0,0,0,,0,,0,430,,,,,,,,,,0,0,0,,,,,,,,
32001,0,18,HeroGetNewPopupNew,,,32002,0,0,3,0,0,,0,,0,101,,,,,,,,,,0,0,0,,,,,,,,
32002,0,19,,,,32003,0,0,3,0,0,,0,,0,HeroGetNewPopupNewClose,,,,,,,,,,0,0,0,,,,,,,,
33000,0,1,WorldMainUI,bottomNode/btn_Home,,33001,0,0,3,0,0,,0,Home,0,,,,,,,,,,,0,2,0,,,,,,,,
33001,0,35,,,,33002,0,0,3,0,0,,0,,0,8046,,,,,,,,,,0,2,0,,,,,,,,
33002,0,100,,,,33003,0,0,0,0,0,,0,,0,88,,,,,,,,,,0,2,0,,,,,,,,
33003,0,18,HeroGetNewPopupNew,,,33004,0,0,3,0,0,,0,,0,203,,,,,,,,,,0,2,0,,,,,,,,
33004,0,19,,,,33005,0,0,0,0,0,,0,,0,HeroGetNewPopupNewClose,,,,,,,,,,0,2,0,,,,,,,,
33005,0,18,HomeCameraControlPanel,,,33006,0,0,0,0,0,,0,,0,1,,,,,,,,,,0,2,0,,,,,,,,
33006,0,19,,,,33007,0,0,0,0,0,,0,,0,Area_Cloud_Update_Complete,,,,,,,,,,0,2,0,,,,,,,,
33007,0,18,HomeCameraControlPanel,,,33008,0,0,0,0,0,,0,,0,2,,,,,,,,,,0,2,0,,,,,,,,
33008,0,18,OceanUnlockTips,,,33009,0,0,0,0,0,,0,,0,Ocean Area Unlocked|You need to clean up debris in the ocean so that you can build Docks; train naval units; and place overwater decors there.,,,,,,,,,,0,2,0,,,,,,,,
33009,0,19,,,,52100,0,0,0,0,0,,0,,0,OceanUnlockTipsClose,,,,,,,,,,0,2,0,,,,,,,,
34000,0,100,,,,34001,0,0,0,0,0,,0,,0,94,,,,,,,,,,0,0,0,,,,,,,,
34001,0,16,,,,0,0,0,3,0,0,,0,,1,6500,,,,,,,,,,0,0,0,,,,,,,,
36000,0,100,,,,36001,0,0,0,0,0,,0,,0,97,,,,,,,,,,0,0,0,,,,,,,,
36001,0,16,,CabinNode,,36002,0,0,3,0,0,,0,,1,6800,,,,,,,,,,0,0,0,,,,,,,,
36002,0,7,,,,0,0,0,3,0,0,,0,,0,,,,,,,,,,,0,0,0,,,,,,,,
37000,0,100,,,,37001,0,0,0,0,0,,0,,0,103,,,,,,,,,,0,0,0,,,,,,,,
37001,0,23,,AutoCollect,,37002,0,0,3,0,0,,0,,1,1800,,,,,,,,,,0,0,0,,,,,,,,
37002,0,7,,,,37003,0,0,3,0,0,,0,,0,,,,,,,,,,,0,0,0,,,,,,,,
37003,0,100,,,,37004,0,0,0,0,0,,0,,0,106,,,,,,,,,,0,0,0,,,,,,,,
37004,0,1,MainUI,Bottom/btnNode/btn_Build,,37005,0,0,3,0,0,,0,,0,,,,,,,,,,,0,0,0,,,,,,,,
37005,0,2,BuildingListPanel,bottom/Scroll/view/content,,0,0,0,3,0,0,,0,,0,1700,,,,,,,,,,0,0,0,,,,,,,,
38000,0,100,,,,38001,0,0,0,0,0,,0,,0,300,,,,,,,,,,38000,1,0,,,,,,,,
38001,0,32,,,,38002,0,0,0,0,0,,0,,0,10003,,,,,,,Sergeant,101188,-220,38001,1,0,,,,,,,,
38002,0,100,,,,38003,0,0,0,0,0,,0,,0,310,,,,,,,,,,38002,1,0,,,,,,,,
38003,0,35,,,,38103,0,0,0,0,0,,0,,0,1022,,,,,,,,,,38002,1,0,,,,,,,,
38103,0,100,,,,38004,0,0,0,0,0,,0,,0,315,,,,,,,,,,38002,1,0,,,,,,,,
38004,0,1,NBuildingTileUnlockPopup,B_tongyong_tanchu/New Node/btnUINode/img_qipao/BtnNode/UnlockBtn,,38005,0,0,0,0,0,,60,,1,,,,,,,,,,,38002,1,88,,,,,,,,
38005,0,19,,,,38009,0,0,0,0,0,,0,,0,BattleCompleteBack,,,,,,,,,,99999,1,0,,,,,,,,
38006,0,35,,BtnComplete,,38007,0,0,0,0,0,,0,,0,1022,,,,,,,,,,99999,1,0,,,,,,,,
38007,0,18,GuideMapPanel,,,38008,0,0,0,0,0,,0,,0,,,,,,,,,,,99999,1,0,,,,,,,,
38008,0,19,,,,0,0,0,0,0,0,,0,,0,GuideMapPanelClose,,,,,,,,,,99999,1,0,,,,,,,,
38009,0,100,,,,38010,0,0,0,0,0,,0,,0,340,,,,,,,,,,99999,1,0,,,,,,,,
38010,0,16,,,,38011,0,0,3,0,0,,0,,1,6000,,,,,,,,,,99999,1,0,,,,,,,,
38011,0,19,,,,38012,0,0,0,0,0,,0,,0,MainBuildingEffectComplete,,,,,,,,,,99999,1,0,,,,,,,,
38012,0,100,,,,38013,0,0,0,0,0,,0,,0,370,,,,,,,,,,99999,1,0,,,,,,,,
38013,0,35,,,,0,0,0,3,0,0,,0,,0,1021,,,,,,,,,,99999,1,0,,,,,,,,
39000,0,100,,,,39001,0,0,0,0,0,,0,,0,102,,,,,,,,,,,0,0,,,,,,,,
39001,69,23,,BrokenNode,,39002,0,0,3,0,0,,0,,1,3900,,,,,,,,,,,0,0,,,,,,,,
39002,69,7,,,,39003,0,0,3,0,0,,0,,1,,,,,,,,,,,,0,0,,,,,,,,
39003,0,23,,Headquarters,,39004,0,0,3,0,0,,0,,1,3900,,,,,,,,,,,0,0,,,,,,,,
39004,0,7,,,,39005,0,0,3,0,0,,0,,0,,,,,,,,,,,,0,0,,,,,,,,
39005,0,100,,,,39006,0,0,3,0,0,,0,,0,455,,,,,,,,,,,0,0,,,,,,,,
39006,0,1,HeadquartersPanelOld,scienceNode/ScrollView/view/Container/topContent/330000/BaseNode/ItemBtn,,39007,0,0,3,0,0,,0,,0,,,,,,,,,,,,0,0,,,,,,,,
39007,0,1,HeadquartersLearnPanel,bg_1/bg_build_2/Btnnode/btnResearch,,39008,0,0,3,0,0,,0,,0,,,,,,,,,,,,0,0,,,,,,,,
39008,0,19,,,,39009,0,0,3,0,0,,0,,0,HeadquartersPanelOldClose,,,,,,,,,,,0,0,,,,,,,,
39009,0,100,,,,39010,0,0,0,0,0,,0,,0,470,,,,,,,,,,,0,0,,,,,,,,
39010,0,1,MainUI,Bottom/QuestNode/layoutNode/MainQuestNode/icon,,0,0,0,3,0,0,,0,,0,,,,,,,,,,,,0,120,,,,,,,,
40000,0,23,,Headquarters,,40001,0,0,3,0,0,,0,,1,3900,,,,,,,,,,,0,0,,,,,,,,
40001,0,7,,,,0,0,0,3,0,0,,0,,0,,,,,,,,,,,,0,0,,,,,,,,
41000,0,100,,,,41001,0,0,0,0,0,,0,,0,107,,,,,,,,,,,0,0,,,,,,,,
41001,0,16,,,,0,0,0,3,0,0,,0,,1,6750,,,,,,,,,,,0,0,,,,,,,,
42000,0,100,,,,42001,0,0,0,0,0,,0,,0,91,,,,,,,,,,0,2,0,,,,,,,,
42001,0,18,HomeCameraControlPanel,,,42002,0,0,0,0,0,,0,,0,3,,,,,,,,,,0,2,0,,,,,,,,
42002,0,19,,,,42003,0,0,0,0,0,,0,,0,Area_Cloud_Update_Complete,,,,,,,,,,0,2,0,,,,,,,,
42003,0,18,HomeCameraControlPanel,,,42004,0,0,0,0,0,,0,,0,2,,,,,,,,,,0,2,0,,,,,,,,
42004,0,18,OceanUnlockTips,,,0,0,0,0,0,0,,0,,0,New Ocean Area Unlocked|The South Island is surrounded by a delightful deep blue shine. You can place certain decors there; but you can't place naval units.,,,,,,,,,,0,2,0,,,,,,,,
43000,0,23,,BrokenNode,,43001,0,0,3,0,0,,0,,1,3800,,,,,,,,,,,,0,,,,,,,,
43001,0,7,,,,0,0,0,3,0,0,,0,,1,,,,,,,,,,,,,0,,,,,,,,
44000,0,35,,,,0,0,0,3,0,0,,0,,0,,,,,,,,,,,0,0,0,,,,,,,,
45000,0,23,,BrokenNode,,45001,0,0,3,0,0,,0,,1,1800,,,,,,,,,,,,0,,,,,,,,
45001,0,7,,,,0,0,0,3,0,0,,0,,1,,,,,,,,,,,,,0,,,,,,,,
46000,460,1,WorldMainUI,bottomNode/btn_Home,,46001,0,0,3,0,0,,0,Home,0,,,,,,,,,,,,,0,,,,,,,,
46001,0,23,,BtnRadar,,46002,0,0,3,0,0,,0,,1,6700,,,,,,,,,,,0,0,,,68300,,,,,
46002,0,7,,,,46003,0,0,3,0,0,,0,,0,,,,,,,,,,,,0,0,,,,,,,,
46003,0,1,RadarMainPrefab,bgnode/bgmask/banner/content/item,,0,0,0,3,0,0,,0,,0,,,,,,,,,,,,0,0,,,,,,,,
47000,470,1,WorldMainUI,bottomNode/btn_Home,,47001,0,0,3,0,0,,0,Home,0,,,,,,,,,,,,,0,,,,,,,radar_UI_v1|73000,
47001,0,16,,,,0,0,0,3,0,0,,0,,1,6200,,,,,,,,,,,0,0,,,,,,,,
48000,480,1,WorldMainUI,bottomNode/btn_Home,,48001,0,0,3,0,0,,0,Home,0,,,,,,,,,,,,,0,,,,,,,,
48001,0,12,BuildingItem,,,48002,0,0,3,0,0,,-20,,1,,,,,,,,,,,,,0,,,,,,,,
48002,0,7,,Army,,0,0,0,3,0,0,,0,,0,,,,,,,,,,,,,0,,,,,,,,
49000,0,23,,BrokenNode,,49001,0,0,3,0,0,,0,,1,6700,,,,,,,,,,,,0,,,,,,,,
49001,0,7,,,,0,0,0,3,0,0,,0,,1,,,,,,,,,,,,,0,,,,,,,,
50000,500,1,WorldMainUI,bottomNode/btn_Home,,50001,0,0,3,0,0,,0,Home,0,,,,,,,,,,,,,0,,,,,,,,
50001,0,23,,BtnRadar,,50002,0,0,3,0,0,,0,,1,6700,,,,,,,,,,,0,0,,,,,,,,
50002,0,7,,,,0,0,0,3,0,0,,0,,0,,,,,,,,,,,,0,0,,,,,,,,
51000,0,1,WorldMainUI,bottomNode/btn_Home,,0,0,0,3,0,0,,0,Home,0,,,,,,,,,,,,,,,,,,,,,
60000,0,100,OceanUnlockTips,,,0,0,0,0,0,0,,0,,0,114,,,,,,,,,,,,,,,,,,,,
60001,0,100,OceanUnlockTips,,,0,0,0,0,0,0,,0,,0,116,,,,,,,,,,,,,,,,,,,,
60002,0,100,OceanUnlockTips,,,0,0,0,0,0,0,,0,,0,118,,,,,,,,,,,,,,,,,,,,
61000,39,1,MainUI,RightBottom/btnAlliance,RightBottom/btnAlliance,61001,0,0,3,0,0,,0,,0,,,,,,,,,,,,,,,,,,,,,
61001,0,1,AllianceMainPanel,CONTENT/AllianceMainPanel/FunctionScrollView/view/content/2,,0,0,0,3,0,0,,0,,0,,,,,,,,,,,,,,,,,,,,,
62000,0,100,,,,62001,0,0,3,0,0,,0,,0,130,,,,,,,,,,,,,,,,,,,,
62001,0,22,RadarMainPrefab,CONTENT/RadarMainPrefab/top/tasknode/Levelnode/levelprogress,,62002,0,0,3,0,0,,0,,0,,,Complete radar missions to earn radar EXP and increase radar level,2,,,,,,,,,,,,,,,,radar_UI_v1|73001,
62002,0,22,RadarMainPrefab,CONTENT/RadarMainPrefab/bgnode/bgmask/banner/SignalNode,,62003,0,0,3,0,0,,0,,0,,,There's a chance to improve the signal by 1 bar upon completing each radar task; and when reaching 5-bar; there will be a 5 star mission,2,,,,,,,,,,,,,,,,radar_UI_v1|73002,
62003,0,22,RadarMainPrefab,CONTENT/RadarMainPrefab/bottom/scanBtn,,0,0,0,3,0,0,,0,,0,,,1 click adds 1 bar. Free to improve for the first time everyday,1,,,,,,,,,,,,,,,,radar_UI_v1|73003,
70009,0,2,NBattleMain,ui/battleNewNode/BattlePanelNew/Bottom/armyNode/New ScrollView/view/content,,70010,0,0,3,0,0,,0,,0,,,,,,,first_hero_9404,,,,,,,,,,,,,,
70002,0,1,NBattleMain,ui/battleNewNode/BattlePanelNew/Bottom/heroChangeBtn,,70011,0,0,3,0,0,,0,,0,,,,,,,first_hero_9404,,,,,,,,,,,,,,
70003,0,2,NBattleMain,ui/battleNewNode/BattlePanelNew/Bottom/heroNode/mainNode/New ScrollView/view/content,,70012,0,0,3,0,0,,0,,0,,,,,,,first_hero_9404,,,,,,,,,,,,,,
70004,0,1,NBattleMain,ui/battleNewNode/BattlePanelNew/Bottom/quickBtn,,70005,0,0,3,0,0,,0,,0,,,,,,,first_hero_9404,,,,,,,,,,,,,,
70005,0,1,NBattleMain,ui/battleNewNode/BattlePanelNew/topNode/button,,0,0,0,3,0,0,,0,,0,,,,,,,first_hero_9405,,,,,,,,,,,,,,
70006,0,1,NBattleMain,ui/battleNewNode/BattlePanelNew/Bottom/quickBtn,,70013,0,0,3,0,0,,0,,0,,,,,,,first_hero_9404,,,,,,,,,,,,,,
70007,0,37,NBattleMain,ui/battleNewNode/BattlePanelNew/Bottom/quickBtn,,70008,0,0,3,0,0,,0,,0,,,,,,,first_hero_9404,,,,,,,,,,,,,,
70008,0,1,NBattleMain,ui/battleNewNode/BattlePanelNew/topNode/button,,0,0,0,3,0,0,,0,,0,,,,,,,first_hero_9405,,,,,,,,,,,,,,
70001,0,100,,,,70009,0,0,3,0,0,,0,,0,157,,,,,,,,,,,,,,,,,,,,
70010,0,100,,,,70002,0,0,3,0,0,,0,,0,158,,,,,,,,,,,,,,,,,,,,
70011,0,100,,,,70003,0,0,3,0,0,,0,,0,159,,,,,,,,,,,,,,,,,,,,
70012,0,100,,,,70004,0,0,3,0,0,,0,,0,160,,,,,,,,,,,,,,,,,,,,
70013,0,100,,,,70007,0,0,3,0,0,,0,,0,161,,,,,,,,,,,,,,,,,,,,
52000,0,23,,BtnHospital,,52001,0,0,3,0,0,,0,,1,2100,,,,,,,,,,,0,0,,1,,,,,,
52001,0,7,,,,52002,0,0,3,0,0,,0,,0,,,,,,,,,,,,,,,,,,,,,
52002,0,100,,,,52003,0,0,3,0,0,,0,,0,140,,,,,,,,,,,,,,,,,,,,
52003,0,2,NHospitalPanel,node1/midNode/New ScrollView/view/content,0/New Node,52004,0,0,3,0,0,,0,,0,,,,,,,,,,,,,,,,,,,,,
52004,0,1,NHospitalPanel,node1/bottomBg/btnNode/rightBtnNode/startBtn,,52005,0,0,3,0,0,,0,,0,,,,,,,,,,,,,,,,,,,,,
52005,0,100,,,,0,0,0,3,0,0,,0,,0,142,,,,,,,,,,,,,,,,,,,,
52100,0,100,,,,52101,0,0,3,0,0,,0,,0,143,,,,,,,,,,,,,,1,,,,,,
52101,0,1,MainUI,Bottom/btnNode/btn_Build,,52102,0,0,3,0,0,,0,,0,1100,,,,,,,,,,,,,,,,,,,,
52102,0,2,BuildingListPanel,bottom/Scroll/view/content,,0,0,0,3,0,0,,0,,0,1100,,,,,,,,,,,,,,,,,,,,
52200,0,100,,,,0,0,0,3,0,0,,0,,0,144,,,,,,,,,,,,,,1,,,,,,
52300,0,100,,,,52301,0,0,3,0,0,,0,,0,146,,,,,,,,,,,,,,1,,,,,,
52301,0,1,BattleLosePanel,Type2/button_back,,52302,0,0,3,0,0,,0,,0,,,,,,,,,,,,,,,,,,,,,
52302,0,11,BuildingItem,,,52303,0,0,3,0,0,,0,,0,101,,,,,,,,,,,,,,,,,,,,
52303,0,7,Army,,,0,0,0,3,0,0,,0,,0,,,,,,,,,,,,,,,,,,,,,
52400,0,100,,,,0,0,0,3,0,0,,0,,0,147,,,,,,,,,,,,,1,1,,,,,,
52500,0,100,,,,52501,0,0,3,0,0,,0,,0,149,,,,,,,,,,,,,,1,,,,,,
52501,0,1,prefabWorldUIAssemblyEnemy,2nd_bg_3/New Layout/Btn,,0,0,0,3,0,0,,0,,0,,,,,,,,,,,,,,,,,,,,,
52600,0,100,,,,0,0,0,3,0,0,,0,,0,151,,,,,,,,,,,,,,1,,,,,,
52700,0,100,,,,0,0,0,3,0,0,,0,,0,152,,,,,,,,,,,,,,1,,,,,,
52800,0,100,,,,0,0,0,3,0,0,,0,,0,154,,,,,,,,,,,,,,1,,,,,,
52900,0,100,,,,0,0,0,3,0,0,,0,,0,155,,,,,,,,,,,,,,1,,,,,,
53000,0,100,,,,53001,0,0,3,0,0,,0,,0,162,,,,,,,,,,,,,,1,,,,,,
53001,0,22,ArenaPvePanel,Btn,,53002,0,0,3,0,0,,0,,0,,,Tap Challenge to set your formation and fight against the Army Boss,1,,,,,,,,,,,,,,,,,
53002,0,22,ArenaPvePanel,bg_ShopPanel/New ScrollView/view/content/ArenaPveItem/bg_ShopPanel4,,53003,0,0,3,0,0,,0,,0,,,You have opportunity to get the following rewards regardless of the battle result.,2,,,,,,,,,,,,,,,,,
53003,0,22,ArenaPvePanel,bg_ShopPanel/New ScrollView/view/content/ArenaPveItem/New Node/guideNode,,53004,0,0,3,0,0,,0,,0,,,Here the battle records and Warzone ranking details are shown,2,,,,,,,,,,,,,,,,,
53004,0,1,ArenaPvePanel,Btn,,0,0,0,3,0,0,,0,,0,,,,,,,,,,,,,,,,,,,,,
53100,0,100,,,,53101,0,0,3,0,0,,0,,0,163,,,,,,,,,,,,,,1,,,,,,
53101,0,22,PVPMainpanel,New Node/topNode/guideNode1,,53102,0,0,3,0,0,,0,,0,,,Here you can set up your defensive formation and view battle records,2,,,,,,,,,,,,,,,,,
53102,0,22,PVPMainpanel,New Node/topNode/guideNode2,,53103,0,0,3,0,0,,0,,0,,,Tap the chest to view what's in it,2,,,,,,,,,,,,,,,,,
53103,0,1,PVPMainpanel,Btn,,0,0,0,3,0,0,,0,,0,,,,,,,,,,,,,,,,,,,,,
63000,0,1,WorldMainUI,bottomNode/btn_Home,,63001,0,0,3,0,0,,0,Home,0,,,,,,,,,,,,,,,,,,,,,
63001,0,100,,,,63002,0,0,3,0,0,,0,,1,165,,,,,,,,,,,,,,,,,,,,
63002,0,23,,BtnRadar,,63004,0,0,3,0,0,,0,,0,6700,,,,,,,,,,,,,,,,,,,,
63003,0,100,,,,63004,0,0,3,0,0,,0,,0,167,,,,,,,,,,,,,,,,,,,,
63004,0,7,,,,63005,0,0,3,0,0,,0,,0,,,,,,,,,,,,,,,,,,,,,
63005,0,19,,,,63006,0,0,3,0,0,,0,,0,RadarMainPrefabOpen,,,,,,,,,,,,,,,,,,,,
63006,0,100,,,,63007,0,0,3,0,0,,0,,0,220,,,,,,,,,,,,,,,,,,,,
63007,0,2,RadarMainPrefab,bgnode/bgmask/banner/chainContent,,63008,0,0,3,0,0,,0,,0,2100,,,,,,,,,,,,,,,,,,,radar_UI_v1|73004,
63008,0,1,RadarTaskPrefab,2nd_bg_3/BtnBuild,,0,0,0,3,0,0,,0,,0,,,,,,,,,,,,,,,,,,,,,
63009,0,1,prefabWorldUIRadarEnemy,2nd_bg_3/btnNode/Btn,,0,0,0,3,0,0,,0,,0,,,,,,,,,,,,,,,,,,,,,
63010,0,100,,,,63011,0,0,3,0,0,,0,,0,169,,,,,,,,,,,,,,,,,,,,
63011,0,1,WorldMainUI,bottomNode/btn_Home,,63013,0,0,3,0,0,,0,Home,0,,,,,,,,,,,,,,,,,,,,,
63012,0,19,,,,63013,0,0,3,0,0,,0,,0,HomeOpenComplete,,,,,,,,,,,,,,,,,,,,
63013,0,100,,,,63014,0,0,3,0,0,,0,,0,191,,,,,,,,,,,,,,,,,,,,
63014,0,23,,BtnRadar,,63016,0,0,3,0,0,,0,,0,6700,,,,,,,,,,,,,,,,,,,,
63015,0,100,,,,63016,0,0,3,0,0,,0,,0,192,,,,,,,,,,,,,,,,,,,,
63016,0,7,,,,63017,0,0,3,0,0,,0,,0,,,,,,,,,,,,,,,,,,,,,
63017,0,19,,,,63018,0,0,3,0,0,,0,,0,RadarMainPrefabOpen,,,,,,,,,,,,,,,,,,,,
63018,0,100,,,,63019,0,0,3,0,0,,0,,0,193,,,,,,,,,,,,,,,,,,,,
63019,0,2,RadarMainPrefab,bgnode/bgmask/banner/chainContent,,0,0,0,3,0,0,,0,,0,2100,,,,,,,,,,,,,,,,,,,radar_UI_v1|73005,
63020,0,1,prefabRewardPanel,hideNode/Type2/btn_next,,63021,0,0,3,0,0,,0,,0,,,,,,,,,,,,,,,,,,,,,
63021,0,18,HeroGetNewPopupNew,,,63022,0,0,3,0,0,,0,,0,131,,,,,,,,,,,,,,,,,,,,
63022,0,19,,,,63023,0,0,3,0,0,,0,,0,HeroGetNewPopupNewClose,,,,,,,,,,,,,,,,,,,,
63023,0,100,,,,63024,0,0,3,0,0,,0,,0,200,,,,,,,,,,,,,,,,,,,,
63024,0,2,RadarMainPrefab,bgnode/bgmask/banner/chainContent,,63025,0,0,3,0,0,,0,,0,2001,,,,,,,,,,,,,,,,,,,radar_UI_v1|73006,
63025,0,1,RadarTaskPrefab,2nd_bg_3/BtnBuild,,0,0,0,3,0,0,,0,,0,,,,,,,,,,,,,,,,,,,,,
64000,0,2,NBattleMain,ui/BattlePanel/Herobgnode/bg1/myhero/myHeroNode,bg_icon,64001,0,0,3,0,0,,0,,0,,,,,,,,,,,,,,,,,,,,,
64001,0,2,HeroSelectMarchPopup,New ScrollView/view/content,herobg_0,64002,0,0,3,0,0,,0,,0,,,,,,,,,,,,,,,,,,,,,
64002,0,2,NBattleMain,ui/BattlePanel/Bottom/New ScrollView/view/content,,64003,0,0,3,0,0,,0,,0,,,,,,,,,,,,,,,,,,,,,
64003,0,2,NBattleMain,ui/BattlePanel/Bottom/New ScrollView/view/content,,0,0,0,3,0,0,,0,,0,,,,,,,,,,,,,,,,,,,,,
53200,0,100,,,,,,,,,,,,,,201,,,,,,,,,,,,,,1,,,,,,
53300,0,100,,,,,,,,,,,,,,204,,,,,,,,,,,,,,1,,,,,,
53400,0,100,,,,53410,,,,,,,,,,207,,,,,,,,,,,,,,1,,,,,,
53410,0,1,WorldMainUI,bottomNode/btn_Home,,,0,0,3,0,0,,0,Home,0,,,,,,,,,,,,,,,,,,,,,
53500,0,100,,,,,,,,,,,,,,211,,,,,,,,,,,,,,1,,,,,,
53600,0,100,,,,,,,,,,,,,,212,,,,,,,,,,,,,,1,,,,,,
53700,0,100,,,,,,,,,,,,,,210,,,,,,,,,,,,,,1,,,,,,
53800,0,100,,,,,,,,,,,,,,213,,,,,,,,,,,,,,1,,,,,,
66000,0,32,,,,0,0,0,0,0,0,,0,,0,10003,,,,,,,,,,,,,,,,,,,,
68000,680,16,,AutoCollectEnter,,68001,0,0,3,0,0,,0,,1,1800,,,,,,,,,,,,,,,,,,,,
68001,0,7,,,,68002,0,0,3,0,0,,0,,0,,,,,,,,,,,,,,,,,,,,,
68002,0,1,CollectionMachineImmediately,buyBtn,,0,0,0,3,0,0,,0,,0,,,,,,,,,,,,,,,,,,,,,
68100,681,1,WorldMainUI,bottomNode/btn_Home,,68101,0,0,3,0,0,,0,Home,0,,,,,,,,,,,,,,,,,,,,,
68101,0,23,,Adventure,,68102,0,0,3,0,0,,0,,1,3800,,,,,,,,,,,,,,,,,,,,
68102,0,7,,,,68103,0,0,3,0,0,,0,,0,,,,,,,,,,,,,,,,,,,,,
68103,0,1,AdventureMainPanel,AdventureMainUINode/Bottom/Layout/goChallegeBtn,,0,0,0,3,0,0,,0,,0,,,,,,,,,,,,,,,,,,,,,
68200,682,1,WorldMainUI,bottomNode/btn_Home,,68201,0,0,3,0,0,,0,Home,0,,,,,,,,,,,,,,,,,,,,,
68201,0,16,,,,0,0,0,3,0,0,,0,,1,6750,,,,,,,,,,,0,0,,,,,,,,
80010,0,100,,,,80020,,,,,,,,,,230,,,,,,,,,,,,,,,,,,,,
80020,0,2,openBuildingViewPrefab,scrollview/view/content,goBtn,0,,,,,,,,,,11,,,,,,,,,,,,,,,,,,,,
69000,0,100,,,,69001,,,,,,,,,,216,,,,,,,,,,,,,,1,,,,,,
69001,0,23,,BtnEngineerHouse,,69002,0,0,3,0,0,,0,,0,7001,,,,,,,,,,,,,,,,,,,,
69002,0,7,,,,69003,0,0,3,0,0,,0,,0,,,,,,,,,,,,,,,,,,,,,
69003,0,100,,,,0,,,,,,,,,,218,,,,,,,,,,,,,,,,,,,,
68300,683,1,WorldMainUI,bottomNode/btn_Home,,68301,0,0,3,0,0,,0,Home,0,,,,,,,,,,,,,,,,,,,,,
68301,0,35,,,,0,0,0,3,0,0,,0,,0,1024,,,,,,,,,,99999,0,0,,,,,,,,
81000,0,1,WorldMainUI,bottomNode/btn_Home,,81001,0,0,3,0,0,,0,Home,0,,,,,,,,,,,,,,,1,,,,,,
81001,0,1,MainUI,Bottom/btnNode/btn_Build,,81002,0,0,3,0,0,,0,,1,,,,,,,,,,,,,,,,,,,,,
81002,0,2,BuildingListPanel,bottom/Scroll/view/content,,81003,0,0,3,0,0,,0,,0,7700,,,,,,,,,,,,,,,,,,,,
81003,0,3,BuildingItem,BuildingTile/BtnSure,,0,0,0,3,0,0,,0,,0,,,,,,,,,,,,,,,,,,,,,
53900,539,1,MainUI,Bottom/QuestNode/layoutNode/DailyQuestNode/icon,,53901,0,0,3,0,0,,,,,,,,,,,,,,,,,,,,,,,,,
53901,0,2,openBuildingViewPrefab,scrollview/view/content,goBtn,0,0,0,3,0,0,,,,,11,,,,,,,,,,,,,,,,,,,,
54000,540,23,,BtnArmyEquipNew,,54001,0,0,3,0,0,,0,,1,4900,,,,,,,,,,,,,,,,,,,,
60010,0,100,OceanUnlockTips,,,0,0,0,0,0,0,,0,,0,240,,,,,,,,,,,,,,,,,,,,
60020,0,100,OceanUnlockTips,,,0,0,0,0,0,0,,0,,0,271,,,,,,,,,,,,,,,,,,,,
54100,541,100,,,,54105,0,0,0,0,0,,0,,0,490,,,,,,,,,,,,,,,,,,,,
54105,541,22,ProductionFactoryPanelNew,bottom,,54110,0,0,3,0,0,,0,,0,,,Crafting components require a variety of materials; which may be obtained via Expedition or other activities.,1,0.0,0.0,,,,,,,,,,,,,,,
54110,541,22,ProductionFactoryPanelNew,btns/btnStart,,0,0,0,3,0,0,,0,,0,,,With all the necessary materials; you may start crafting components.,1,0.0,0.0,,,,,,,,,,,,,,,
10821,0,100,,,,10822,0,0,3,0,0,,0,,0,43,,,,,,,,,,,,,,,,,,,,
10822,0,22,ArmyEquipAndScienceMainPanel,equipInstalNode/ArmyEquipInstallViewNew/New ScrollView/view/content/Node1/guideNode1,,10823,0,0,3,0,0,,0,,0,,,Adjust components for each type of units; which give them different effects.,2,0.0,0.0,,,,,,,,,,,,,,,
10823,0,18,ArmyEquipItemRewardPanel,,,10824,0,0,3,0,0,,0,,0,400101,,,,,,,,,,,,,,,,,,,,
10824,0,19,,,,10825,0,0,3,0,0,,0,,0,ArmyEquipItemRewardPanelOpen,,,,,,,,,,,,,,,,,,,,
10825,0,19,,,,10826,0,0,3,0,0,,0,,0,ArmyEquipItemRewardPanelClose,,,,,,,Sergeant,Insert it in the Army slot; increase Army's HP!,-200,,,,,,,,,,,
10826,0,1,ArmyEquipAndScienceMainPanel,equipInstalNode/ArmyEquipInstallViewNew/New ScrollView/view/content/Node1/Node/btnNode1/ItemNode_1_1/ArmyEquipItemNew/addNode,,10827,0,0,3,0,0,,0,,0,,,,,,,,,,,,,,,,,,,,,
10827,0,2,ArmyEquipListPopupNew,mainLayout/bg/New ScrollView/view/content,unlockNode,10828,0,0,3,0,0,,0,,0,400101,,,,,,,,,,,,,,,,,,,,
10828,0,1,ArmyEquipListPopupNew,mainLayout/btnLayout/installBtn,,10829,0,0,3,0,0,,0,,0,,,,,,,,,,,,,,,,,,,,,
10829,0,1,ArmyEquipAndScienceMainPanel,equipInstalNode/ArmyEquipInstallViewNew/New ScrollView/view/content/Node1/Node/btnNode1/0,,10830,0,0,3,0,0,,0,,0,,,,,,,,,,,,,,,,,,,,,
10830,0,19,,,,10831,0,0,3,0,0,,0,,0,EquipBuffInfoOpenComplete,,,,,,,,,,,,,,,,,,,,
10831,0,100,,,,0,0,0,3,0,0,,0,,0,44,,,,,,,,,,,,,,,,,,,,
90010,0,100,,,,90020,,,,,,,,,,500,,,,,,,,,,,,,,,,,,,,
90020,0,22,FortressListsPanel,FortressServerTaskViewnode/FortressServerTaskView/contentNode/guideNode1,,90030,,,,,,,,,,,,A set of conditions must be met for each of the major events.,2,0.0,0.0,,,,,,,,,,,,,,,
90030,0,22,FortressListsPanel,FortressServerTaskViewnode/FortressServerTaskView/contentNode/guideNode2,,90040,,,,,,,,,,,,You will be awarded for achieving the objective.,2,0.0,0.0,,,,,,,,,,,,,,,
90040,0,22,FortressListsPanel,ToggleContainer/guideNode,,0,,,,,,,,,,,,To see the opening and occupancy of the ruins; go to the "Ruins" tab.,2,0.0,0.0,,,,,,,,,,,,,,,
71001,0,100,,,,71002,0,0,3,0,0,,0,,0,501,,,,,,,,,,,2,,,1,,,,,,
71002,0,38,,,,71003,0,0,3,0,0,,0,,0,,,,,,,,,,,,2,,,,,,,,,
71003,0,19,,,,71004,0,0,3,0,0,,0,,0,WorldCameraMoveComplete,,,,,,,,,,,2,,,,,,,,,
71004,0,100,,,,71005,0,0,3,0,0,,0,,0,502,,,,,,,,,,,2,,,,,500,,,,
71005,0,18,AllianceInvitePanel,,,0,0,0,3,0,0,,0,,0,,,,,,,,,,,,2,,,,,,,,,
1604,16,1,MainUI,Bottom/btnNode/btn_World,,1605,0,0,3,0,0,,0,WorldMap,0,2,,,,,,,,,,,,,,,,,,,,
1605,0,1,WorldMainUI,bottomNode/btn_Fight,,1606,0,0,3,0,0,,0,,0,2,,,,,,,,,,,,,,,,,,,,
1606,0,1,prefabMonsterSearchNew,bg_1/MonsterSearch/btnFix,,0,0,0,3,0,0,,0,,0,2,,,,,,,,,,,,,,,,,,,,
73000,0,1,RadarMainPrefabNew2,bgnode/bgmask/banner/content/item,,0,0,0,3,0,0,,0,,0,,,,,,,,,,,,0,0,,,,,,,,
73001,0,22,RadarMainPrefabNew2,CONTENT/RadarMainPrefabNew2/top/tasknode/Levelnode/levelprogress,,62002,0,0,3,0,0,,0,,0,,,Complete radar missions to earn radar EXP and increase radar level,2,,,,,,,,,,,,,,,,,
73002,0,22,RadarMainPrefabNew2,CONTENT/RadarMainPrefabNew2/bottom/SignalNode,,62003,0,0,3,0,0,,0,,0,,,There's a chance to improve the signal by 1 bar upon completing each radar task; and when reaching 5-bar; there will be a 5 star mission,2,,,,,,,,,,,,,,,,,
73003,0,22,RadarMainPrefabNew2,CONTENT/RadarMainPrefabNew2/bottom/Btnlayout/btn_gray/scanBtn,,0,0,0,3,0,0,,0,,0,,,1 click adds 1 bar. Free to improve for the first time everyday,1,,,,,,,,,,,,,,,,,
73004,0,2,RadarMainPrefabNew2,bgmask/banner/chainContent,,63008,0,0,3,0,0,,0,,0,2100,,,,,,,,,,,,,,,,,,,,
73005,0,2,RadarMainPrefabNew2,bgmask/banner/chainContent,,0,0,0,3,0,0,,0,,0,2100,,,,,,,,,,,,,,,,,,,,
73006,0,2,RadarMainPrefabNew2,bgmask/banner/chainContent,,63025,0,0,3,0,0,,0,,0,2101,,,,,,,,,,,,,,,,,,,,
22381,0,1,MainUI,rightIconsNode/rightIconsPanel/IconActivity,,0,0,0,3,0,0,,0,,0,0,,,,,,,,,,,,,,,,,,,,
54200,0,1,WorldMainUI,bottomNode/btn_Home,,54201,0,0,3,0,0,,0,Home,0,,,,,,,,,,,,,,,,,,,,,
54201,0,1,MainUI,Bottom/QuestNode/layoutNode/MainQuestNode/icon,,54202,0,0,3,0,0,,0,,0,,,,,,,,,,,,,,,,,,,,,
54202,0,1,prefabQuestPanel,ToggleContainer/BountyToggle,,0,0,0,3,0,0,,0,,0,-1,,,,,,,,,,,,,,,,,,,,
54300,0,1,WorldMainUI,bottomNode/btn_Home,,54301,0,0,3,0,0,,0,Home,0,,,,,,,,,,,,,,,,,,,,,
54301,0,23,,BtnStrengthen,,54302,0,0,3,0,0,,0,,0,3000,,,,,,,,,,,,,,,,,,,,
54302,0,7,,,,0,0,0,3,0,0,,0,,0,,,,,,,,,,,,,,,,,,,,,
54400,0,1,WorldMainUI,bottomNode/btn_Home,,54401,0,0,3,0,0,,0,Home,0,,,,,,,,,,,,,,,,,,,,,
54401,0,23,,ProfessionTalentBtn,,54402,0,0,3,0,0,,0,,0,7700,,,,,,,,,,,,,,,,,,,,
54402,0,7,,,,0,0,0,3,0,0,,0,,0,,,,,,,,,,,,,,,,,,,,,
54500,0,1,MainUI,Bottom/btnNode/btn_World,,54501,0,0,3,0,0,,0,WorldMap,0,,,,,,,,,,,,,,,,,,,,,
54501,0,1,WorldMainUI,bottomNode/btn_Fight,,0,0,0,3,0,0,,0,,0,,,,,,,,,,,,,,,,,,,,,
54502,0,1,,,,0,0,0,3,0,0,,0,,0,,,,,,,,,,,,,,,,,,,,,
72001,0,1,WebGameSelectLevel,webGameLevelItem2,,0,0,0,3,0,0,,0,,0,601,,,,,,,,,,,,,,,,,,,,
72002,0,1,WebGameSelectLevel,btnClose,,0,0,0,3,0,0,,0,,0,602,,,,,,,,,,,,,,1,,,,,,
72003,0,19,,,,72004,0,0,3,0,0,,0,,0,BattleCompleteBack,,,,,,,,,,,,,,,,,,inline_mini_game,,
72004,0,100,,,,72005,0,0,3,0,0,,0,,0,603,,,,,,,,,,,,,,,,,,,,
72005,0,1,MainUI,rightIconsNode/rightIconsPanel/IconWebMiniGame,,72006,0,0,3,0,0,,0,,0,,,,,,,,,,,,,,,1,,,,,,
72006,0,1,WebGameSelectLevel,webGameLevelItem3,,0,0,0,3,0,0,,0,,0,,,,,,,,,,,,,,,1,,,,,,
100001,0,100,,,,,,,,,,,,,,701,,,,,,,,,,,,,,,,,,,,
65105,0,2,AllianceSciencePanel,devNode/view/content/developNode,AllianceScienceItem/icon,0,0,0,3,0,0,,0,,,,,,,,,,,,,,,,,,,,,,,
65106,0,2,AllianceSciencePanel,warNode/view/content/warNode,AllianceScienceItem/icon,0,0,0,3,0,0,,0,,,,,,,,,,,,,,,,,,,,,,,