id,name,desc,skill_type,skill_show,fight,quality,hero_id,decomposition,active_skill_use,active_skill_cd,active_skill_time,condition,initiative,probability,effect,effect_type,para,para_add,para_time,para_equip_skill,superposition,effectiveNumber,detail_desc,fragmentsNumber,power,playback,skill_icon,para_desc,player_opportunity,spell_effect,reset_sustained_buff,sustained_buff,replace_effect,add_effect,is_show,plat,skill_show_id,sustained_targetOff,sustained_buff_para,attack_effect,hit_effect,effect_new,para_equip_skill_new,para_new,fight_type,active_skill_frequency,newactive_skill_time,active_skill_status,heroskill_tips,effect_new_level,effect_new_exhibition,power_1,delay
int,string,string,int,int,int,int,int,string,int,int,int,int,int,int,string,int,string,string,int,string,int,string,string,int,int,int,string,int,int,string,int,string,int,int,int,string,int,int,string,string,string,string,string,string,string,int,int,int,string,string,int,string,int
10101,Deadly Combos,At the beginning of the battle; randomly attack 1 target 2 times; each with a damage rate of {1}%. Increase troop gathering speed by {0}%,1,,4,,,,,,,10,101,100,960002|940604,,1500|3000,2|3;2|7,2,,1,1,Every 100 {0} increases damage of Deadly Combos by {1}%;Every 100 {0} increases Gathering speed of all units by {1}%,0,100,1,skill_icon046_1,1,2,B_20210721_miaozhun|B_20210721_miaozhun|2.3|0,,,,,1,,,,,,,,,,4|2,,,,,,,150,
10102,Trench,Increases the Army's Dodge by {0}%,1,,2,,,,,,,0,101,100,930301,,1800,2|4,,,1,99999,Every 100 {0} increases Dodge Chance of Army by {1}%,0,200,2,skill_icon002,1,1,,,,,,1,,,,,,,,,,2,,,,,,,350,
10103,Weakness Insight,Turns your Army attacks into an armor-piercing bomb and makes the enemy unable to Dodge.,1,,2,,,,,,,0,101,100,960003,,0,0,,,1,99999,,0,200,2,skill_icon003,1,1,,,,,,1,,,,,,,,,,2,,,,,,,350,
10104,Charge Cannon,After attacking; your Land Force has a chance to reload quickly and deal another attack on the target with a DMG rate of {0}%.,1,,2,,,,,,,0,101,35,940601,,7000,1|17,,,1,1,Every 100 {0} increases ATK damage of the second attack launched by all units by {1}%,0,400,1,skill_icon004,1,2,,,,,4010,1,,,,,,,,,,2,,,,,,,1000,
10105,Hellfire Missile,Your Army attacks have a certain chance of becoming Fire Bombs. These ignite the enemy; causing {0}% burning damage.,1,,2,,,,,,,0,101,30,960004,,8000,1|20,,,1,1,Every 100 {0} increases burning damage of Hellfire Missile by {1}%,0,400,1,skill_icon005,1,2,,,Effect_skill_shanshao,,1016,1,,,,,,,,,,2,,,,,,,1000,
10106,Invincible,There's a chance that your Army units will launch Jamming Bombs after each attack; the target will not be able to attack for the next round,1,,2,,,,,,,0,101,30,960005,,0,0,,,1,1,,0,400,1,skill_icon006,1,2,,,Effect_skill_duanlu,,,1,,,,,,,,,,2,,,,,,,1000,
10201,Full-speed Attack,When attacking the Dark Legion; the march speed is increased by {0}%,1,,1,,,,,,,0,0,100,910301,,1200,1|4,,,1,1,Every 100 {0} increases marching speed by{1}% when attacking the Dark Legion,0,100,0,skill_icon007,1,0,,,,,,1,,,,,,,,,,1,,,,,,,150,
10202,Strongest Defense,Reduces your Navy's DMG taken by {0}% after being attacked (stack up to 3).,1,,2,,,,,,,1,201,100,960006,,780,2|2,,,3,99999,Every 100 {0} decreases damage taken by Naval units by {1}%,0,200,2,skill_icon008,1,1,,,,,,1,,,,,,,,,,2,,,,,,,350,
10203,Mighty Master,Increases Navy's ATK by {0}%.,1,,2,,,,,,,0,201,100,960015,,2500,1|6,,,1,99999,Every 100 {0} increases ATK of Naval units by {1}%,0,200,2,skill_icon009,1,1,,,,,,1,,,,,,,,,,2,,,,,,,350,
10204,Full Firepower,When your Navy is attacking; there's a chance it becomes an area attack (causes an additional {0}% DMG to 2 targets).,1,,2,,,,,,,0,201,50,960007,,2500,1|6,,,1,1,Every 100 {0} increases splash damage of Naval units by {1}%,0,400,1,skill_icon010,1,2,,,,,,1,,,,,,,,,,2,,,,,,,1000,
10205,Last Stand,When defending the Base; increases your Navy's ATK; DMG and Crit. Rate by {0}%.,1,,2,,,,,,,2,201,100,960015|930202,,1250|1250,1|3;1|3,,,1,1,Every 100 {0} increases ATK of Naval units by {1}% when defending;Every 100 {0} increases Crit. Chance of Naval units by {1}% when defending,0,400,2,skill_icon011,1,1,,,,,,1,,,,,,,,,,2|2,,,,,,,1000,
10206,Signal Interference,When your Navy is attacking the enemy’s Army; there's a chance of releasing an additional Stun Missile which causes the target's Army to go into Chaos status (undifferentiated ATK).,1,,2,,,,,,,0,201,30,960008,,0,0,,,1,1,,0,400,1,skill_icon012,1,2,,,Effect_skill_duanlu,,,1,,,,,,,,,,2,,,,,,,1000,
10207,Phantom Missile,When your Navy Force is attacking; there is a chance that an additional bomb is fired and hidden within the attack; causing destructive DMG to the primary target (DMG {0}%).,1,,2,,,,,,,0,201,35,940602,,7000,1|18,,,1,1,Every 100 {0} increases damage of Phantom Missile by {1}%,0,400,1,skill_icon020,1,2,,,,,1013,1,,,,,,,,,,2,,,,,,,1000,
10301,Morale Boost,Increases Air Forces' ATK by {0}%.,1,,2,,,,,,,0,301,100,960016,,1000,1|3,,,1,99999,Every 100 {0} increases ATK of Air Force by {1}%,0,100,2,skill_icon013,1,1,,,,,,1,,,,,,,,,,2,,,,,,,150,
10302,Precision Shooting,Increases Air Forces' Crit. Rate by {0}%.,1,,2,,,,,,,0,301,100,930203,,1800,1|4,,,1,99999,Every 100 {0} increases Crit. Chance of Air Force by {1}%,0,200,2,skill_icon014,1,1,,,,,,1,,,,,,,,,,2,,,,,,,350,
10303,Wolf Howl,Increases Air Forces' Crit. Rate and Crit. DMG by {0}% when your Air Force's HP is lower than 50%.,1,,2,,,,,,,3,301,100,930203|960001,,1500|1500,1|4;1|4,,,1,99999,Every 100 {0} increases Crit. Chance and Crit. DMG of Air Force by {1}%,0,200,2,skill_icon015,1,1,,,,,,1,,,,,,,,,,2|2,,,,,,,350,
10304,Rocket Bomb,Air Force has a chance to fire piercing bullet (damage multiple units in a column; damage reduces by {0}% after damaging each unit),1,,2,,,,,,,0,301,45,960009,,3000,0,,,1,1,,0,400,1,skill_icon016,1,2,,,,,,1,,,,,,,,,,2,,,,,,,1000,
10305,Hidden Strength & Anger,When your Air Force attacks an enemy's Navy Force; there's a chance that a Giant Missile is launched causing an extra {0}% DMG.,1,,2,,,,,,,0,301,60,960010,,5000,1|12,,,1,1,Every 100 {0} increases the damage of super-sized bombard by {1}%,0,400,1,skill_icon017,1,2,,,,1015,,1,,,,,,,,,,2,,,,,,,1000,
10306,Thermal Disturbance,Gives your Air Force a chance to release Smoke Bombs after attacking; preventing the enemy from attacking and making your forces immune to any DMG until the next turn.,1,,2,,,,,,,0,301,30,960011,,0,0,,,1,1,,0,400,1,skill_icon018,1,2,,,Effect_skill_hudun,,,1,,,,,,,,,,2,,,,,,,1000,
10307,Tactical Armor,Enhance the armor of the Air Force. When enemy's attacking; damage that penetrates the shield is reduced by {0}%,1,,2,,,,,,,0,301,100,960017,,2000,2|7,,,1,99999,Every 100 {0} decreases enemy damage by {1}%,0,400,2,skill_icon019,1,1,,,,,,1,,,,,,,,,,2,,,,,,,1000,
10107,Battlefield Maintenance,If you have this hero; you may instantly repair first {0} regular units every day,1,,3,,,,,,,0,0,100,930014,,20,3|2,,,1,1,Every 100 {0} increases daily Quick Repair units by {1},0,200,0,skill_icon022,2,0,,,,,,1,,,,,,,,,,3,,,,,,,350,
10108,High-explosive Warhead,When your Army attacks; there's a chance to launch an extra high-explosive warhead and cause {0}% DMG to two enemy targets.,1,,2,,,,,,,0,101,50,960018,,2500,1|6,,,1,1,Every 100 {0} increases damage of High-explosive Warhead by {1}%,0,400,1,skill_icon108,1,2,,,,,,1,,,,,,,,,,2,,,,,,,1000,
10208,Siren Torpedo,When attacking; your navy will deal normal damage once and has a chance to reduce a single target's attack by {0}%; lasts for 2 rounds (if this is triggered multiple times; the rounds won't be stacked),1,,2,,,,,,,0,201,40,960020,,3000,2|18,2,,1,1,Every 100 {0} decreases ATK of enemies by {1}%,0,400,1,skill_icon208,1,2,,,B_20210513_jianruo02,,1013,1,,,,,,,,,,2,,,,,,,1000,
10109,Katyusha,When your Army units are attacking; there's a chance that Katyusha would attack and deal damage to 5 random targets; {0}% of damage each time,1,,2,,,,,,,0,101,30,960019,,2000,1|19,5,,1,1,Every 100 {0} increases bomb damage dealt to random targets by {1}%,0,400,1,skill_icon109,1,2,,,,,4011,1,,,,,B_20210720_kaqiusha_xia|B_20210720_kaqiusha_shang|0|1500,,,,,2,,,,,,1,1000,
11104,Precision Tactics,Army units have a chance to deal a second attack to target (x% damage),1,,2,,,,,,,0,101,35,940601,,7000,1|17,,,1,1,Every 100 {0} increases ATK damage of the second attack launched by all units by {1}%,0,400,1,skill_icon004,1,2,,,,,,1,g123,,,,,,,,,2,,,,,,,1000,
11105,Hellfire Missile,When attacking; Army units have an x% chance to become a release incendiary. Enemy units will suffer damage before their attacking,1,,2,,,,,,,0,101,30,960004,,8000,1|20,,,1,1,Every 100 {0} increases burning damage of Hellfire Missile by {1}%,0,400,1,skill_icon005,1,2,,,Effect_skill_shanshao,,1016,1,g123,,,,,,,,,2,,,,,,,1000,
11106,Invincible,When fighting Air Force units; Army units have a chance to fire a jamming bomb. Target unit can't attack next time.,1,,2,,,,,,,0,101,30,960005,,0,0,,,1,1,,0,400,1,skill_icon006,1,2,,,Effect_skill_duanlu,,,1,g123,,,,,,,,,2,,,,,,,1000,
11204,Last Stand,Navy has a chance to deal splash damage (deal x% damage to 2 extra units) when attacking,1,,2,,,,,,,0,201,50,960007,,2500,1|6,,,1,1,Every 100 {0} increases splash damage of Naval units by {1}%,0,400,1,skill_icon010,1,2,,,,,,1,g123,,,,,,,,,2,,,,,,,1000,
11205,Signal Interference,While defending; Navy attack and crit chance increase x%,1,,2,,,,,,,2,201,100,930102|930202,,1250|1250,1|3;1|3,,,1,1,Every 100 {0} increases ATK of Naval units by {1}% when defending;Every 100 {0} increases Crit. Chance of Naval units by {1}% when defending,0,400,2,skill_icon011,1,1,,,,,,1,g123,,,,,,,,,2|2,,,,,,,1000,
11206,Full firepower,When facing Army units; Navy has x% chance to fire a shock bomb that puts the target into disarray status (have a chance to attack itself),1,,2,,,,,,,0,201,30,960008,,0,0,,,1,1,,0,400,1,skill_icon012,1,2,,,Effect_skill_duanlu,,,1,g123,,,,,,,,,2,,,,,,,1000,
11304,Rocket Bomb,Air Force has a chance to fire piercing bullet (damage multiple units in a column; damage reduces by {0}% after damaging each unit),1,,2,,,,,,,0,301,45,960009,,3000,0,,,1,1,,0,400,1,skill_icon016,1,2,,,,,,1,g123,,,,,,,,,2,,,,,,,1000,
11305,Hidden Strength & Anger,When facing Navy; Air Force has x% chance to launch Giant Missile (damage 100+x%),1,,2,,,,,,,0,301,60,960010,,5000,1|12,,,1,1,Every 100 {0} increases the damage of super-sized bombard by {1}%,0,400,1,skill_icon017,1,2,,,,1015,,1,g123,,,,,,,,,2,,,,,,,1000,
11306,Thermal Disturbance,Air Force has x% chance to launch a smoke bomb to avoid next damage dealt on itself.,1,,2,,,,,,,0,301,30,960011,,0,0,,,1,1,,0,400,1,skill_icon018,1,2,,,Effect_skill_hudun,,,1,g123,,,,,,,,,2,,,,,,,1000,
10308,Falcon Strike,When an Air Force unit is attacking; there is a chance to launch an additional rocket; causing {0}% damage to the target,1,,2,,,,,,,0,301,35,940603,,7000,1|17,,,1,1,Every 100 {0} increases Rocket Bomb damage of Air Force by {1}%,0,400,1,skill_icon308,1,2,,,,,,1,,,,,,,,,,2,,,,,,,1000,
10309,Shrapnel Missile,When your Air Force troops are attacking; they have a chance to fire a shrapnel missile and deal {0}% damage to 2 additional targets.,1,,2,,,,,,,0,301,50,981017,,2500,1|7,,,1,1,Every 100 {0} increases damage of Shrapnel Missile by {1}%,0,400,1,skill_icon309,1,2,,,,,,1,,,,,,,,,,2,,,,,,,1000,
20101,Army Attack,Army Attack,2,2,1,1,,2550001|1,,,,0,0,100,930101,,0,0,,100|400|700|1200|1800|2400|3200|4000|5000|6000,1,1,,10,200,0,skill_icon020,1,0,,,,,,1,,,,,,,,,,1,,,,,,,120|240|400|800|1600|3200|6400|12400|24000|46400,
20102,Navy Attack,Navy Attack,2,1,1,1,,2550001|1,,,,0,0,100,930102,,0,0,,100|400|700|1200|1800|2400|3200|4000|5000|6000,1,1,,10,200,0,skill_icon020,1,0,,,,,,1,,,,,,,,,,1,,,,,,,120|240|400|800|1600|3200|6400|12400|24000|46400,
20103,Air Force Attack,Air Force Attack,2,3,1,1,,2550001|1,,,,0,0,100,930103,,0,0,,100|400|700|1200|1800|2400|3200|4000|5000|6000,1,1,,10,200,0,skill_icon020,1,0,,,,,,1,,,,,,,,,,1,,,,,,,120|240|400|800|1600|3200|6400|12400|24000|46400,
20104,Army HP,Army HP,2,2,1,1,,2550001|1,,,,0,0,100,930001,,0,0,,100|400|700|1200|1800|2400|3200|4000|5000|6000,1,1,,10,200,0,skill_icon020,1,0,,,,,,1,,,,,,,,,,1,,,,,,,120|240|400|800|1600|3200|6400|12400|24000|46400,
20105,Navy HP,Navy HP,2,1,1,1,,2550001|1,,,,0,0,100,930002,,0,0,,100|400|700|1200|1800|2400|3200|4000|5000|6000,1,1,,10,200,0,skill_icon020,1,0,,,,,,1,,,,,,,,,,1,,,,,,,120|240|400|800|1600|3200|6400|12400|24000|46400,
20106,Air Force HP,Air Force HP,2,3,1,1,,2550001|1,,,,0,0,100,930003,,0,0,,100|400|700|1200|1800|2400|3200|4000|5000|6000,1,1,,10,200,0,skill_icon020,1,0,,,,,,1,,,,,,,,,,1,,,,,,,120|240|400|800|1600|3200|6400|12400|24000|46400,
20107,Army crit,Army crit,2,2,1,1,,2550001|1,,,,0,0,100,930201,,0,0,,100|200|300|400|500|600|700|800|900|1000,1,1,,10,200,0,skill_icon020,1,0,,,,,,1,,,,,,,,,,1,,,,,,,120|240|400|800|1600|3200|6400|12400|24000|46400,
20108,Navy crit,Navy crit,2,1,1,1,,2550001|1,,,,0,0,100,930202,,0,0,,100|200|300|400|500|600|700|800|900|1000,1,1,,10,200,0,skill_icon020,1,0,,,,,,1,,,,,,,,,,1,,,,,,,120|240|400|800|1600|3200|6400|12400|24000|46400,
20109,Air Force crit,Air Force crit,2,3,1,1,,2550001|1,,,,0,0,100,930203,,0,0,,100|200|300|400|500|600|700|800|900|1000,1,1,,10,200,0,skill_icon020,1,0,,,,,,1,,,,,,,,,,1,,,,,,,120|240|400|800|1600|3200|6400|12400|24000|46400,
20110,Army dodge,Army dodge,2,2,1,1,,2550001|1,,,,0,0,100,930301,,0,0,,100|200|300|400|500|600|700|800|900|1000,1,1,,10,200,0,skill_icon020,1,0,,,,,,1,,,,,,,,,,1,,,,,,,120|240|400|800|1600|3200|6400|12400|24000|46400,
20111,Navy dodge,Navy dodge,2,1,1,1,,2550001|1,,,,0,0,100,930302,,0,0,,100|200|300|400|500|600|700|800|900|1000,1,1,,10,200,0,skill_icon020,1,0,,,,,,1,,,,,,,,,,1,,,,,,,120|240|400|800|1600|3200|6400|12400|24000|46400,
20112,Air Force dodge,Air Force dodge,2,3,1,1,,2550001|1,,,,0,0,100,930303,,0,0,,100|200|300|400|500|600|700|800|900|1000,1,1,,10,200,0,skill_icon020,1,0,,,,,,1,,,,,,,,,,1,,,,,,,120|240|400|800|1600|3200|6400|12400|24000|46400,
20116,March size,March size,4,5,1,1,,2550001|1,,,,0,0,100,960012,,0,0,,1|2|3|4|5|6|7|8|9|10,1,1,,10,200,0,skill_icon020,2,0,,,,,,1,,,,,,,,,,1,,,,,,,120|240|400|800|1600|3200|6400|12400|24000|46400,
20117,Army Damage Boost,Army Damage Boost,2,2,1,1,,2550001|1,,,,0,0,100,980101,,0,0,,100|200|300|400|500|600|700|800|900|1000,1,1,,10,200,0,skill_icon020,1,0,,,,,,1,,,,,,,,,,1,,,,,,,120|240|400|800|1600|3200|6400|12400|24000|46400,
20118,Navy Damage Boost,Navy Damage Boost,2,1,1,1,,2550001|1,,,,0,0,100,980102,,0,0,,100|200|300|400|500|600|700|800|900|1000,1,1,,10,200,0,skill_icon020,1,0,,,,,,1,,,,,,,,,,1,,,,,,,120|240|400|800|1600|3200|6400|12400|24000|46400,
20119,Air Force Damage Boost,Air Force Damage Boost,2,3,1,1,,2550001|1,,,,0,0,100,980103,,0,0,,100|200|300|400|500|600|700|800|900|1000,1,1,,10,200,0,skill_icon020,1,0,,,,,,1,,,,,,,,,,1,,,,,,,120|240|400|800|1600|3200|6400|12400|24000|46400,
20120,Army Protection,Army Protection,2,2,1,1,,2550001|1,,,,0,0,100,980201,,0,0,,100|200|300|400|500|600|700|800|900|1000,1,1,,10,200,0,skill_icon020,1,0,,,,,,1,,,,,,,,,,1,,,,,,,120|240|400|800|1600|3200|6400|12400|24000|46400,
20121,Navy Protection,Navy Protection,2,1,1,1,,2550001|1,,,,0,0,100,980202,,0,0,,100|200|300|400|500|600|700|800|900|1000,1,1,,10,200,0,skill_icon020,1,0,,,,,,1,,,,,,,,,,1,,,,,,,120|240|400|800|1600|3200|6400|12400|24000|46400,
20122,Air Force Protection,Air Force Protection,2,3,1,1,,2550001|1,,,,0,0,100,980203,,0,0,,100|200|300|400|500|600|700|800|900|1000,1,1,,10,200,0,skill_icon020,1,0,,,,,,1,,,,,,,,,,1,,,,,,,120|240|400|800|1600|3200|6400|12400|24000|46400,
20123,Army Crit Damage,Army Crit Damage,2,2,1,1,,2550001|1,,,,0,0,100,980301,,0,0,,100|200|300|400|500|600|700|800|900|1000,1,1,,10,200,0,skill_icon020,1,0,,,,,,1,,,,,,,,,,1,,,,,,,120|240|400|800|1600|3200|6400|12400|24000|46400,
20124,Navy Crit Damage,Navy Crit Damage,2,1,1,1,,2550001|1,,,,0,0,100,980302,,0,0,,100|200|300|400|500|600|700|800|900|1000,1,1,,10,200,0,skill_icon020,1,0,,,,,,1,,,,,,,,,,1,,,,,,,120|240|400|800|1600|3200|6400|12400|24000|46400,
20125,Air Force Crit Damage,Air Force Crit Damage,2,3,1,1,,2550001|1,,,,0,0,100,980303,,0,0,,100|200|300|400|500|600|700|800|900|1000,1,1,,10,200,0,skill_icon020,1,0,,,,,,1,,,,,,,,,,1,,,,,,,120|240|400|800|1600|3200|6400|12400|24000|46400,
20126,Army INV,Army INV,2,2,1,1,,2550001|1,,,,0,0,100,980401,,0,0,,100|200|300|400|500|600|700|800|900|1000,1,1,,10,200,0,skill_icon020,1,0,,,,,,1,,,,,,,,,,1,,,,,,,120|240|400|800|1600|3200|6400|12400|24000|46400,
20127,Navy INV,Navy INV,2,1,1,1,,2550001|1,,,,0,0,100,980402,,0,0,,100|200|300|400|500|600|700|800|900|1000,1,1,,10,200,0,skill_icon020,1,0,,,,,,1,,,,,,,,,,1,,,,,,,120|240|400|800|1600|3200|6400|12400|24000|46400,
20128,Air Force INV,Air Force INV,2,3,1,1,,2550001|1,,,,0,0,100,980403,,0,0,,100|200|300|400|500|600|700|800|900|1000,1,1,,10,200,0,skill_icon020,1,0,,,,,,1,,,,,,,,,,1,,,,,,,120|240|400|800|1600|3200|6400|12400|24000|46400,
20129,Army Hit,Army Hit,2,2,1,1,,2550001|1,,,,0,0,100,980501,,0,0,,100|200|300|400|500|600|700|800|900|1000,1,1,,10,200,0,skill_icon020,1,0,,,,,,1,,,,,,,,,,1,,,,,,,120|240|400|800|1600|3200|6400|12400|24000|46400,
20130,Navy Hit,Navy Hit,2,1,1,1,,2550001|1,,,,0,0,100,980502,,0,0,,100|200|300|400|500|600|700|800|900|1000,1,1,,10,200,0,skill_icon020,1,0,,,,,,1,,,,,,,,,,1,,,,,,,120|240|400|800|1600|3200|6400|12400|24000|46400,
20131,Air Force Hit,Air Force Hit,2,3,1,1,,2550001|1,,,,0,0,100,980503,,0,0,,100|200|300|400|500|600|700|800|900|1000,1,1,,10,200,0,skill_icon020,1,0,,,,,,1,,,,,,,,,,1,,,,,,,120|240|400|800|1600|3200|6400|12400|24000|46400,
20201,Gold Mine Production,Gold Mine Production,4,5,3,2,,2550001|1,,,,0,0,100,920900,,0,0,,100|200|300|400|500|600|700|800|900|1000,1,1,,10,200,0,skill_icon020,1,0,,,,,,1,,,,,,,,,,3,,,,,,,120|240|400|800|1600|3200|6400|12400|24000|46400,
20202,Gold Gathering Speed,Gold Gathering Speed,4,5,1,2,,2550001|1,,,,0,0,100,982003,,0,0,,100|200|300|400|500|600|700|800|900|1000,1,1,,10,200,0,skill_icon020,1,0,,,,,,1,,,,,,,,,,1,,,,,,,120|240|400|800|1600|3200|6400|12400|24000|46400,
20203,Oil Gathering Speed,Oil Gathering Speed,4,5,1,2,,2550001|1,,,,0,0,100,982002,,0,0,,100|200|300|400|500|600|700|800|900|1000,1,1,,10,200,0,skill_icon020,1,0,,,,,,1,,,,,,,,,,1,,,,,,,120|240|400|800|1600|3200|6400|12400|24000|46400,
20204,Food Gathering Speed,Food Gathering Speed,4,5,1,2,,2550001|1,,,,0,0,100,982001,,0,0,,100|200|300|400|500|600|700|800|900|1000,1,1,,10,200,0,skill_icon020,1,0,,,,,,1,,,,,,,,,,1,,,,,,,120|240|400|800|1600|3200|6400|12400|24000|46400,
20205,Gathering Speed in World,Gathering Speed in World,4,5,1,2,,2550001|1,,,,0,0,100,960002,,0,0,,100|200|300|400|500|600|700|800|900|1000,1,1,,10,200,0,skill_icon020,1,0,,,,,,1,,,,,,,,,,1,,,,,,,120|240|400|800|1600|3200|6400|12400|24000|46400,
20206,Unit Load Increase,Unit Load Increase,4,5,1,2,,2550001|1,,,,0,0,100,970002,,0,0,,100|200|300|400|500|600|700|800|900|1000,1,1,,10,200,0,skill_icon020,1,0,,,,,,1,,,,,,,,,,1,,,,,,,120|240|400|800|1600|3200|6400|12400|24000|46400,
20207,March Speed Increase,March Speed Increase,4,5,1,2,,2550001|1,,,,0,0,100,910300,,0,0,,100|200|300|400|500|600|700|800|900|1000,1,1,,10,200,0,skill_icon020,1,0,,,,,,1,,,,,,,,,,1,,,,,,,120|240|400|800|1600|3200|6400|12400|24000|46400,
21101,Army Attack,skill_name21101,2,2,1,2,,2550001|3,,,,0,0,100,930101,,0,0,,250|1000|1750|3000|4500|6000|8000|10000|12500|15000,1,1,,10,200,0,skill_icon020,1,0,,,,,,1,,,,,,,,,,1,,,,,,,300|600|1000|2000|4000|8000|16000|31000|60000|116000,
21102,Navy Attack,skill_name21102,2,1,1,2,,2550001|3,,,,0,0,100,930102,,0,0,,250|1000|1750|3000|4500|6000|8000|10000|12500|15000,1,1,,10,200,0,skill_icon020,1,0,,,,,,1,,,,,,,,,,1,,,,,,,300|600|1000|2000|4000|8000|16000|31000|60000|116000,
21103,Air Force Attack,skill_name21103,2,3,1,2,,2550001|3,,,,0,0,100,930103,,0,0,,250|1000|1750|3000|4500|6000|8000|10000|12500|15000,1,1,,10,200,0,skill_icon020,1,0,,,,,,1,,,,,,,,,,1,,,,,,,300|600|1000|2000|4000|8000|16000|31000|60000|116000,
21104,Army HP,skill_name21104,2,2,1,2,,2550001|3,,,,0,0,100,930001,,0,0,,250|1000|1750|3000|4500|6000|8000|10000|12500|15000,1,1,,10,200,0,skill_icon020,1,0,,,,,,1,,,,,,,,,,1,,,,,,,300|600|1000|2000|4000|8000|16000|31000|60000|116000,
21105,Navy HP,skill_name21105,2,1,1,2,,2550001|3,,,,0,0,100,930002,,0,0,,250|1000|1750|3000|4500|6000|8000|10000|12500|15000,1,1,,10,200,0,skill_icon020,1,0,,,,,,1,,,,,,,,,,1,,,,,,,300|600|1000|2000|4000|8000|16000|31000|60000|116000,
21106,Air Force HP,skill_name21106,2,3,1,2,,2550001|3,,,,0,0,100,930003,,0,0,,250|1000|1750|3000|4500|6000|8000|10000|12500|15000,1,1,,10,200,0,skill_icon020,1,0,,,,,,1,,,,,,,,,,1,,,,,,,300|600|1000|2000|4000|8000|16000|31000|60000|116000,
21107,Army crit,skill_name21107,2,2,1,2,,2550001|3,,,,0,0,100,930201,,0,0,,250|500|750|1000|1250|1500|1750|2000|2250|2500,1,1,,10,200,0,skill_icon020,1,0,,,,,,1,,,,,,,,,,1,,,,,,,300|600|1000|2000|4000|8000|16000|31000|60000|116000,
21108,Navy crit,skill_name21108,2,1,1,2,,2550001|3,,,,0,0,100,930202,,0,0,,250|500|750|1000|1250|1500|1750|2000|2250|2500,1,1,,10,200,0,skill_icon020,1,0,,,,,,1,,,,,,,,,,1,,,,,,,300|600|1000|2000|4000|8000|16000|31000|60000|116000,
21109,Air Force crit,skill_name21109,2,3,1,2,,2550001|3,,,,0,0,100,930203,,0,0,,250|500|750|1000|1250|1500|1750|2000|2250|2500,1,1,,10,200,0,skill_icon020,1,0,,,,,,1,,,,,,,,,,1,,,,,,,300|600|1000|2000|4000|8000|16000|31000|60000|116000,
21110,Army dodge,skill_name21110,2,2,1,2,,2550001|3,,,,0,0,100,930301,,0,0,,250|500|750|1000|1250|1500|1750|2000|2250|2500,1,1,,10,200,0,skill_icon020,1,0,,,,,,1,,,,,,,,,,1,,,,,,,300|600|1000|2000|4000|8000|16000|31000|60000|116000,
21111,Navy dodge,skill_name21111,2,1,1,2,,2550001|3,,,,0,0,100,930302,,0,0,,250|500|750|1000|1250|1500|1750|2000|2250|2500,1,1,,10,200,0,skill_icon020,1,0,,,,,,1,,,,,,,,,,1,,,,,,,300|600|1000|2000|4000|8000|16000|31000|60000|116000,
21112,Air Force dodge,skill_name21112,2,3,1,2,,2550001|3,,,,0,0,100,930303,,0,0,,250|500|750|1000|1250|1500|1750|2000|2250|2500,1,1,,10,200,0,skill_icon020,1,0,,,,,,1,,,,,,,,,,1,,,,,,,300|600|1000|2000|4000|8000|16000|31000|60000|116000,
21116,March size,skill_name21116,4,5,1,2,,2550001|3,,,,0,0,100,960012,,0,0,,2|4|6|8|10|12|14|16|18|20,1,1,,10,200,0,skill_icon020,2,0,,,,,,1,,,,,,,,,,1,,,,,,,300|600|1000|2000|4000|8000|16000|31000|60000|116000,
21117,Army Damage Boost,skill_name21117,2,2,1,2,,2550001|3,,,,0,0,100,980101,,0,0,,250|500|750|1000|1250|1500|1750|2000|2250|2500,1,1,,10,200,0,skill_icon020,1,0,,,,,,1,,,,,,,,,,1,,,,,,,300|600|1000|2000|4000|8000|16000|31000|60000|116000,
21118,Navy Damage Boost,skill_name21118,2,1,1,2,,2550001|3,,,,0,0,100,980102,,0,0,,250|500|750|1000|1250|1500|1750|2000|2250|2500,1,1,,10,200,0,skill_icon020,1,0,,,,,,1,,,,,,,,,,1,,,,,,,300|600|1000|2000|4000|8000|16000|31000|60000|116000,
21119,Air Force Damage Boost,skill_name21119,2,3,1,2,,2550001|3,,,,0,0,100,980103,,0,0,,250|500|750|1000|1250|1500|1750|2000|2250|2500,1,1,,10,200,0,skill_icon020,1,0,,,,,,1,,,,,,,,,,1,,,,,,,300|600|1000|2000|4000|8000|16000|31000|60000|116000,
21120,Army Protection,skill_name21120,2,2,1,2,,2550001|3,,,,0,0,100,980201,,0,0,,250|500|750|1000|1250|1500|1750|2000|2250|2500,1,1,,10,200,0,skill_icon020,1,0,,,,,,1,,,,,,,,,,1,,,,,,,300|600|1000|2000|4000|8000|16000|31000|60000|116000,
21121,Navy Protection,skill_name21121,2,1,1,2,,2550001|3,,,,0,0,100,980202,,0,0,,250|500|750|1000|1250|1500|1750|2000|2250|2500,1,1,,10,200,0,skill_icon020,1,0,,,,,,1,,,,,,,,,,1,,,,,,,300|600|1000|2000|4000|8000|16000|31000|60000|116000,
21122,Air Force Protection,skill_name21122,2,3,1,2,,2550001|3,,,,0,0,100,980203,,0,0,,250|500|750|1000|1250|1500|1750|2000|2250|2500,1,1,,10,200,0,skill_icon020,1,0,,,,,,1,,,,,,,,,,1,,,,,,,300|600|1000|2000|4000|8000|16000|31000|60000|116000,
21123,Army Crit Damage,skill_name21123,2,2,1,2,,2550001|3,,,,0,0,100,980301,,0,0,,250|500|750|1000|1250|1500|1750|2000|2250|2500,1,1,,10,200,0,skill_icon020,1,0,,,,,,1,,,,,,,,,,1,,,,,,,300|600|1000|2000|4000|8000|16000|31000|60000|116000,
21124,Navy Crit Damage,skill_name21124,2,1,1,2,,2550001|3,,,,0,0,100,980302,,0,0,,250|500|750|1000|1250|1500|1750|2000|2250|2500,1,1,,10,200,0,skill_icon020,1,0,,,,,,1,,,,,,,,,,1,,,,,,,300|600|1000|2000|4000|8000|16000|31000|60000|116000,
21125,Air Force Crit Damage,skill_name21125,2,3,1,2,,2550001|3,,,,0,0,100,980303,,0,0,,250|500|750|1000|1250|1500|1750|2000|2250|2500,1,1,,10,200,0,skill_icon020,1,0,,,,,,1,,,,,,,,,,1,,,,,,,300|600|1000|2000|4000|8000|16000|31000|60000|116000,
21126,Army INV,skill_name21126,2,2,1,2,,2550001|3,,,,0,0,100,980401,,0,0,,250|500|750|1000|1250|1500|1750|2000|2250|2500,1,1,,10,200,0,skill_icon020,1,0,,,,,,1,,,,,,,,,,1,,,,,,,300|600|1000|2000|4000|8000|16000|31000|60000|116000,
21127,Navy INV,skill_name21127,2,1,1,2,,2550001|3,,,,0,0,100,980402,,0,0,,250|500|750|1000|1250|1500|1750|2000|2250|2500,1,1,,10,200,0,skill_icon020,1,0,,,,,,1,,,,,,,,,,1,,,,,,,300|600|1000|2000|4000|8000|16000|31000|60000|116000,
21128,Air Force INV,skill_name21128,2,3,1,2,,2550001|3,,,,0,0,100,980403,,0,0,,250|500|750|1000|1250|1500|1750|2000|2250|2500,1,1,,10,200,0,skill_icon020,1,0,,,,,,1,,,,,,,,,,1,,,,,,,300|600|1000|2000|4000|8000|16000|31000|60000|116000,
21129,Army Hit,skill_name21129,2,2,1,2,,2550001|3,,,,0,0,100,980501,,0,0,,250|500|750|1000|1250|1500|1750|2000|2250|2500,1,1,,10,200,0,skill_icon020,1,0,,,,,,1,,,,,,,,,,1,,,,,,,300|600|1000|2000|4000|8000|16000|31000|60000|116000,
21130,Navy Hit,skill_name21130,2,1,1,2,,2550001|3,,,,0,0,100,980502,,0,0,,250|500|750|1000|1250|1500|1750|2000|2250|2500,1,1,,10,200,0,skill_icon020,1,0,,,,,,1,,,,,,,,,,1,,,,,,,300|600|1000|2000|4000|8000|16000|31000|60000|116000,
21131,Air Force Hit,skill_name21131,2,3,1,2,,2550001|3,,,,0,0,100,980503,,0,0,,250|500|750|1000|1250|1500|1750|2000|2250|2500,1,1,,10,200,0,skill_icon020,1,0,,,,,,1,,,,,,,,,,1,,,,,,,300|600|1000|2000|4000|8000|16000|31000|60000|116000,
21201,Gold Mine Production,skill_name21201,4,5,3,2,,2550001|3,,,,0,0,100,920900,,0,0,,250|500|750|1000|1250|1500|1750|2000|2250|2500,1,1,,10,200,0,skill_icon020,1,0,,,,,,1,,,,,,,,,,3,,,,,,,300|600|1000|2000|4000|8000|16000|31000|60000|116000,
21202,Gold Gathering Speed,skill_name21202,4,5,1,2,,2550001|3,,,,0,0,100,982003,,0,0,,250|500|750|1000|1250|1500|1750|2000|2250|2500,1,1,,10,200,0,skill_icon020,1,0,,,,,,1,,,,,,,,,,1,,,,,,,300|600|1000|2000|4000|8000|16000|31000|60000|116000,
21203,Oil Gathering Speed,skill_name21203,4,5,1,2,,2550001|3,,,,0,0,100,982002,,0,0,,250|500|750|1000|1250|1500|1750|2000|2250|2500,1,1,,10,200,0,skill_icon020,1,0,,,,,,1,,,,,,,,,,1,,,,,,,300|600|1000|2000|4000|8000|16000|31000|60000|116000,
21204,Food Gathering Speed,skill_name21204,4,5,1,2,,2550001|3,,,,0,0,100,982001,,0,0,,250|500|750|1000|1250|1500|1750|2000|2250|2500,1,1,,10,200,0,skill_icon020,1,0,,,,,,1,,,,,,,,,,1,,,,,,,300|600|1000|2000|4000|8000|16000|31000|60000|116000,
21205,Gathering Speed in World,skill_name21205,4,5,1,2,,2550001|3,,,,0,0,100,960002,,0,0,,250|500|750|1000|1250|1500|1750|2000|2250|2500,1,1,,10,200,0,skill_icon020,1,0,,,,,,1,,,,,,,,,,1,,,,,,,300|600|1000|2000|4000|8000|16000|31000|60000|116000,
21206,Unit Load Increase,skill_name21206,4,5,1,2,,2550001|3,,,,0,0,100,970002,,0,0,,250|500|750|1000|1250|1500|1750|2000|2250|2500,1,1,,10,200,0,skill_icon020,1,0,,,,,,1,,,,,,,,,,1,,,,,,,300|600|1000|2000|4000|8000|16000|31000|60000|116000,
21207,March Speed Increase,skill_name21207,4,5,1,2,,2550001|3,,,,0,0,100,910300,,0,0,,250|500|750|1000|1250|1500|1750|2000|2250|2500,1,1,,10,200,0,skill_icon020,1,0,,,,,,1,,,,,,,,,,1,,,,,,,300|600|1000|2000|4000|8000|16000|31000|60000|116000,
20301,Tywin\nExclusive,Tywin\nExclusive,3,4,1,3,104,2550001|5,,,,0,0,100,981001,,0,0,,200|400|600|800|1100|1600|2200|2900|3700|4600,1,1,,10,200,0,skill_icon020,1,0,,,,,,1,,,,,,,960002,0|0|1500|1500|3000|3000|6000|6000|6000|6000,0,1|1,,,,,,,300|600|1000|2000|4000|8000|16000|31000|60000|116000,
20302,Alex\nExclusive,Alex\nExclusive,3,4,1,3,105,2550001|5,,,,0,0,100,981002,,0,0,,200|400|600|800|1100|1600|2200|2900|3700|4600,1,1,,10,200,0,skill_icon020,1,0,,,,,,1,,,,,,,,,,1,,,,,,,300|600|1000|2000|4000|8000|16000|31000|60000|116000,
20303,Sam Exclusive Skill,Sam Exclusive Skill,3,4,1,3,106,2550001|5,,,,0,0,100,981003,,0,0,,200|400|600|800|1100|1600|2200|2900|3700|4600,1,1,,10,200,0,skill_icon020,1,0,,,,,,1,,,,,,,,,,1,,,,,,,300|600|1000|2000|4000|8000|16000|31000|60000|116000,
20304,Sid\nExclusive,Sid\nExclusive,3,4,1,3,204,2550001|5,,,,0,0,100,981004,,0,0,,200|400|600|800|1100|1600|2200|2900|3700|4600,1,1,,10,200,0,skill_icon020,1,0,,,,,,1,,,,,,,,,,1,,,,,,,300|600|1000|2000|4000|8000|16000|31000|60000|116000,
20305,Ganso\nExclusive,Ganso\nExclusive,3,4,1,3,205,2550001|5,,,,2,0,100,981005,,0,0,,200|400|600|800|1100|1600|2200|2900|3700|4600,1,1,,10,200,0,skill_icon020,1,0,,,,,,1,,,,,,,960002,0|0|1500|1500|3000|3000|6000|6000|6000|6000,0,1|1,,,,,,,300|600|1000|2000|4000|8000|16000|31000|60000|116000,
20306,Merida\nExclusive,Merida\nExclusive,3,4,1,3,206,2550001|5,,,,0,0,100,981006,,0,0,,200|400|600|800|1100|1600|2200|2900|3700|4600,1,1,,10,200,0,skill_icon020,1,0,,,,,,1,,,,,,,2920802,0|0|1500|1500|3000|3000|6000|6000|6000|6000,0,1|3,,,,,,,300|600|1000|2000|4000|8000|16000|31000|60000|116000,
20307,Chloe\nExclusive,Chloe\nExclusive,3,4,1,3,207,2550001|5,,,,0,0,100,981007,,0,0,,200|400|600|800|1100|1600|2200|2900|3700|4600,1,1,,10,200,0,skill_icon020,1,0,,,,,,1,,,,,,,,,,1,,,,,,,300|600|1000|2000|4000|8000|16000|31000|60000|116000,
20308,Nadia\nExclusive,Nadia\nExclusive,3,4,1,3,304,2550001|5,,,,0,0,100,981008,,0,0,,200|400|600|800|1100|1600|2200|2900|3700|4600,1,1,,10,200,0,skill_icon020,1,0,,,,,,1,,,,,,,,,,1,,,,,,,300|600|1000|2000|4000|8000|16000|31000|60000|116000,
20309,Edward\nExclusive,Edward\nExclusive,3,4,1,3,305,2550001|5,,,,0,0,100,981009,,0,0,,200|400|600|800|1100|1600|2200|2900|3700|4600,1,1,,10,200,0,skill_icon020,1,0,,,,,,1,,,,,,,,,,1,,,,,,,300|600|1000|2000|4000|8000|16000|31000|60000|116000,
20310,Lady Zizak\nExclusive,Lady Zizak\nExclusive,3,4,1,3,306,2550001|5,,,,0,0,100,981010,,0,0,,200|400|600|800|1100|1600|2200|2900|3700|4600,1,1,,10,200,0,skill_icon020,1,0,,,,,,1,,,,,,,2920803,0|0|1500|1500|3000|3000|6000|6000|6000|6000,0,1|3,,,,,,,300|600|1000|2000|4000|8000|16000|31000|60000|116000,
20311,Li Hongyu\nExclusive,Li Hongyu\nExclusive,3,4,1,3,108,2550001|5,,,,0,0,100,981011,,0,0,,200|400|600|800|1100|1600|2200|2900|3700|4600,1,1,,10,200,0,skill_icon020,1,0,,,,,,1,,,,,,,,,,1,,,,,,,300|600|1000|2000|4000|8000|16000|31000|60000|116000,
20312,Improve the effects of Tian Mu's Strategic Armor by {0}%,Improve the effects of Tian Mu's Strategic Armor by {0}%,3,4,1,3,307,2550001|5,,,,0,0,100,981012,,0,0,,200|400|600|800|1100|1600|2200|2900|3700|4600,1,1,,10,200,0,skill_icon020,1,0,,,,,,1,,,,,,,1003041,0|0|1000|1000|2000|2000|4000|4000|4000|4000,0,1|1,,,,,,,300|600|1000|2000|4000|8000|16000|31000|60000|116000,
20313,Teresa\nExclusive,Teresa\nExclusive,3,4,1,3,208,2550001|5,,,,0,0,100,981013,,0,0,,200|400|600|800|1100|1600|2200|2900|3700|4600,1,1,,10,200,0,skill_icon020,1,0,,,,,,1,,,,,,,,,,1,,,,,,,300|600|1000|2000|4000|8000|16000|31000|60000|116000,
20314,Hartman\nExclusive,Hartman\nExclusive,3,4,1,3,308,2550001|5,,,,0,0,100,981014,,0,0,,200|400|600|800|1100|1600|2200|2900|3700|4600,1,1,,10,200,0,skill_icon020,1,0,,,,,,1,,,,,,,,,,1,,,,,,,300|600|1000|2000|4000|8000|16000|31000|60000|116000,
20315,Katyusha\nExclusive,Katyusha\nExclusive,3,4,1,3,109,2550001|5,,,,0,0,100,981015,,0,0,,200|400|600|800|1100|1600|2200|2900|3700|4600,1,1,,10,200,0,skill_icon020,1,0,,,,,,1,,,,,,,,,,1,,,,,,,300|600|1000|2000|4000|8000|16000|31000|60000|116000,
20601,skill_name20601,skill_name20601,3,4,1,3,1104,2550001|5,,,,0,0,100,981101,,0,0,,200|400|600|800|1100|1600|2200|2900|3700|4600,1,1,,10,200,0,skill_icon020,1,0,,,,,,1,g123,20301,,,,,960002,0|0|1500|1500|3000|3000|6000|6000|6000|6000,0,1|1,,,,,,,300|600|1000|2000|4000|8000|16000|31000|60000|116000,
20602,skill_name20602,skill_name20602,3,4,1,3,1105,2550001|5,,,,0,0,100,981102,,0,0,,200|400|600|800|1100|1600|2200|2900|3700|4600,1,1,,10,200,0,skill_icon020,1,0,,,,,,1,g123,20302,,,,,,,,1,,,,,,,300|600|1000|2000|4000|8000|16000|31000|60000|116000,
20603,skill_name20603,skill_name20603,3,4,1,3,1106,2550001|5,,,,0,0,100,981103,,0,0,,200|400|600|800|1100|1600|2200|2900|3700|4600,1,1,,10,200,0,skill_icon020,1,0,,,,,,1,g123,20303,,,,,,,,1,,,,,,,300|600|1000|2000|4000|8000|16000|31000|60000|116000,
20604,skill_name20604,skill_name20604,3,4,1,3,1204,2550001|5,,,,0,0,100,981104,,0,0,,200|400|600|800|1100|1600|2200|2900|3700|4600,1,1,,10,200,0,skill_icon020,1,0,,,,,,1,g123,20304,,,,,,,,1,,,,,,,300|600|1000|2000|4000|8000|16000|31000|60000|116000,
20605,skill_name20605,skill_name20605,3,4,1,3,1205,2550001|5,,,,2,0,100,981105,,0,0,,200|400|600|800|1100|1600|2200|2900|3700|4600,1,1,,10,200,0,skill_icon020,1,0,,,,,,1,g123,20305,,,,,960002,0|0|1500|1500|3000|3000|6000|6000|6000|6000,0,1|1,,,,,,,300|600|1000|2000|4000|8000|16000|31000|60000|116000,
20606,skill_name20606,skill_name20606,3,4,1,3,1206,2550001|5,,,,0,0,100,981106,,0,0,,200|400|600|800|1100|1600|2200|2900|3700|4600,1,1,,10,200,0,skill_icon020,1,0,,,,,,1,g123,20306,,,,,2920802,0|0|1500|1500|3000|3000|6000|6000|6000|6000,0,1|3,,,,,,,300|600|1000|2000|4000|8000|16000|31000|60000|116000,
20608,skill_name20608,skill_name20608,3,4,1,3,1304,2550001|5,,,,0,0,100,981108,,0,0,,200|400|600|800|1100|1600|2200|2900|3700|4600,1,1,,10,200,0,skill_icon020,1,0,,,,,,1,g123,20308,,,,,,,,1,,,,,,,300|600|1000|2000|4000|8000|16000|31000|60000|116000,
20609,skill_name20609,skill_name20609,3,4,1,3,1305,2550001|5,,,,0,0,100,981109,,0,0,,200|400|600|800|1100|1600|2200|2900|3700|4600,1,1,,10,200,0,skill_icon020,1,0,,,,,,1,g123,20309,,,,,,,,1,,,,,,,300|600|1000|2000|4000|8000|16000|31000|60000|116000,
20610,skill_name20610,skill_name20610,3,4,1,3,1306,2550001|5,,,,0,0,100,981110,,0,0,,200|400|600|800|1100|1600|2200|2900|3700|4600,1,1,,10,200,0,skill_icon020,1,0,,,,,,1,g123,20310,,,,,2920803,0|0|1500|1500|3000|3000|6000|6000|6000|6000,0,1|3,,,,,,,300|600|1000|2000|4000|8000|16000|31000|60000|116000,
20611,Katyusha\nExclusive,Katyusha\nExclusive,3,4,1,3,1109,2550001|5,,,,0,0,100,981018,,0,0,,200|400|600|800|1100|1600|2200|2900|3700|4600,1,1,,10,200,0,skill_icon020,1,0,,,,,,1,g123,20315,,,,,,,,1,,,,,,,300|600|1000|2000|4000|8000|16000|31000|60000|116000,
10209,Wolfpack,Increases ATK of Naval units by {0}%,1,,2,,,,,,,0,201,100,960015,,4000,1|8,,,1,99999,Every 100 {0} increases ATK of your Naval units by {1}%,0,200,2,skill_icon1209,1,1,,,,,,1,,,,,,,,,,2,,,,,,,1000,
20613,Nimitz\nExclusive,Nimitz\nExclusive,3,4,1,3,1209,2550001|5,,,,2,0,100,981016,,0,0,,200|400|600|800|1100|1600|2200|2900|3700|4600,1,1,,10,200,0,skill_icon020,1,0,,,,,,1,,,,,,,,,,1,,,,,,,300|600|1000|2000|4000|8000|16000|31000|60000|116000,
20614,Sauvage\nExclusive,Sauvage\nExclusive,3,4,1,3,309,2550001|5,,,,0,0,100,981023,,0,0,,200|400|600|800|1100|1600|2200|2900|3700|4600,1,1,,10,200,0,skill_icon309_2,1,0,,,,,,1,,,,,,,,,,1,,,,,,,300|600|1000|2000|4000|8000|16000|31000|60000|116000,
11109,Katyusha,When your Army units attack; Katyusha may join and support the army; causing damage to random targets for n times.,1,,2,,,,,,,0,101,30,960019,,2000,1|19,5,,1,1,Every 100 {0} increases Katyusha support damage of Army by {1}%,0,400,1,skill_icon109,1,2,,,,,,1,,,,,,,,,,2,,,,,,,1000,
11209,Wolfpack,Increases ATK of Naval units by {0}%,1,,2,,,,,,,0,201,100,960015,,4000,1|8,,,1,99999,Every 100 {0} increases ATK of your Naval units by {1}%,0,200,2,skill_icon209,1,1,,,,,,1,,,,,,,,,,2,,,,,,,1000,
20615,skill_name20615,skill_name20615,3,4,1,3,209,2550001|5,,,,2,0,100,981019,,0,0,,200|400|600|800|1100|1600|2200|2900|3700|4600,1,1,,10,200,0,skill_icon020,1,0,,,,,,1,g123,20613,,,,,,,,1,,,,,,,300|600|1000|2000|4000|8000|16000|31000|60000|116000,
20612,Sauvage\nExclusive,Increase the chance to trigger Sauvage's skill,3,4,1,3,1309,2550001|5,,,,0,0,100,981024,,0,0,,200|400|600|800|1100|1600|2200|2900|3700|4600,1,1,,10,200,0,skill_icon309_2,1,0,,,,,,1,g123,20614,,,,,,,,1,,,,,,,300|600|1000|2000|4000|8000|16000|31000|60000|116000,
10110,Fortified armor,When the battle begins; your Army units will be covered by armor; which increases their HP by {0}%,1,1,2,,,,,,,10,101,100,981020,,2000,2|8,,,1,99999,Every 100 {0} increases HP of all units by {1}%,0,200,2,skill_icon110,1,1,Effect_skill_hudun01,1,Effect_skill_hudun,,,1,,,,,,,,,,2,,,,,,,1000,
20617,Bradley\nExclusive,Bradley\nExclusive,3,4,1,3,110,2550001|5,,,,2,0,100,981022,,0,0,,200|400|600|800|1100|1600|2200|2900|3700|4600,1,1,,10,200,0,skill_icon020,1,0,,,,,,1,,,,,,,980101,0|0|1000|1000|2000|2000|4000|4000|4000|4000,0,1|1,,,,,,,300|600|1000|2000|4000|8000|16000|31000|60000|116000,
10210,Field of Battle Force,After the battle begins; add an Energy Field to the battlefield for increasing the ATK and HP of Your Navy by {0}%,1,1,2,,,,,,,10,201,100,960015|981025,,1450|1450,1|5;1|5,,,1,99999,Every 100 {0} increases ATK and HP of Naval units by {1}%,0,200,2,skill_icon210,1,1,Effect_skill_hudun01,1,Effect_skill_hudun,,,0,,,,,,,,,,2|2,,,,,,,1000,
20618,Katrina Exclusive,Increase the effect of Katrina's skill by {0}%,3,4,1,3,210,2550001|5,,,,2,0,100,981026,,0,0,,200|400|600|800|1100|1600|2200|2900|3700|4600,1,1,,10,200,0,skill_icon020,1,0,,,,,1,0,,,,,,,,,,1,,,,,,,300|600|1000|2000|4000|8000|16000|31000|60000|116000,
11309,skill_name11309,skill_desc11309,1,,2,,,,,,,0,301,50,981017,,2500,1|7,,,1,1,Every 100 {0} increases damage of Shrapnel Missile by {1}%,0,400,1,skill_icon1309,1,2,,,,,,1,,,,,,,,,,2,,,,,,,1000,
10211,Artillery Combo,When the navy attacks; there is a certain chance to fire 3 additional shells; causing {0}% damage to random targets,1,,2,,,,,,,0,201,20,981027,,2000,1|17,3,,1,1,Every 100 {0} increases the damage of Artillery Combo by {1}%,0,400,1,skill_icon211,1,2,,,,,,1,,,,,,,,,,2,,,,,,,1000,
20620,Bellevue Exclusive,Increase the chance of triggering Bellevue's skill,3,4,1,3,211,2550001|5,,,,0,0,100,981028,,0,0,,200|400|600|800|1100|1600|2200|2900|3700|4600,1,1,,10,200,0,skill_icon020,1,0,,,,,1,1,,,,,,,,,,1,,,,,,,300|600|1000|2000|4000|8000|16000|31000|60000|116000,
11210,Artillery Combo,skill_desc11210,1,,2,,,,,,,0,201,20,981027,,2000,1|17,3,,1,1,Every 100 {0} increases the damage of Artillery Combo by {1}%,0,400,1,skill_icon1210_1,1,1,Effect_skill_hudun01,1,Effect_skill_hudun,,,1,,,,,,,,,,2,,,,,,,1000,
20619,skill_name20619,skill_desc20619,3,4,1,3,1210,2550001|5,,,,0,0,100,981029,,0,0,,200|400|600|800|1100|1600|2200|2900|3700|4600,1,1,,10,200,0,skill_icon1210,1,0,,,,,1,1,g123,20620,,,,,,,,1,,,,,,,300|600|1000|2000|4000|8000|16000|31000|60000|116000,
10310,Armor Melting,When the battle begins; there is a chance to soften the enemy's armor. The DMG will be increased by {0}% the next time it is attacked.,1,,2,,,,,,,0,301,50,981032,,2500,1|8,,,1,3,Every 100 {0} increases damage dealt to enemies under Armor Melting by {1}%,0,400,1,skill_icon310,1,2,,,Effect_skill_xuruo,,,1,,,1,,,,,,,2,,,,,,,1000,
20621,Harris\nExclusive,Increases the trigger chance of Arthur Harris’ Armor Melting by {0}%,3,4,1,3,310,2550001|5,,,,0,0,100,981034,,0,0,,200|400|600|800|1100|1600|2200|2900|3700|4600,1,1,,10,200,0,skill_icon020,1,0,,,,,1,1,,,,,,,,,,1,,,,,,,300|600|1000|2000|4000|8000|16000|31000|60000|116000,
11310,skill_name11310,skill_desc11310,1,,2,,,,,,,0,301,50,981032,,2500,1|8,,,1,3,Every 100 {0} increases damage dealt to enemies under Armor Melting by {1}%,0,400,1,skill_icon1310,1,2,,,Effect_skill_xuruo,,,1,,,1,,,,,,,2,,,,,,,1000,
20622,skill_name20622,Increase the skill effect of Lee Yewon's counter-attack by {0}%,3,4,1,3,1310,2550001|5,,,,0,0,100,981035,,0,0,,200|400|600|800|1100|1600|2200|2900|3700|4600,1,1,,10,200,0,skill_icon1311,1,0,,,,,1,1,g123,20621,,,,,,,,1,,,,,,,300|600|1000|2000|4000|8000|16000|31000|60000|116000,
10112,Electromagnetic Pulse,After the battle begins; enemies' air force will be paralyzed; DMG taken by enemies will be increased by {0}% and their normal attack has a {1}% chance of failure. (Their skill will not be affected),1,,2,,,,,,,10,0,100,981038|981039,,1500|2000,1|5;1|3,99999,,1,99999,Every 100 {0} increases damage dealt to enemy Air Force by {1}%;Every 100 {0} decreases success rate of Air Force enemies launching normal attack by {1}%,0,400,0,skill_icon025,1,0,,,Effect_skill_duanlu,,,1,,,,,,,,,,2|2,,,,,,,1000,
20623,Friedman Hertz Exclusive,Increases the chance of enemy attack failure caused by Friedman Hertz's Electromagnetic Pulse by {0}%,3,4,1,3,112,2550001|5,,,,0,0,100,981040,,0,0,,300|600|800|1100|1500|2200|3100|4100|5200|6400,1,1,,10,200,0,skill_icon026,1,0,,,,,,1,,,,,,,,,,1,,,,,,,300|600|1000|2000|4000|8000|16000|31000|60000|116000,
11212,skill_name11212,skill_desc11212,1,,2,,,,,,,10,0,100,981038|981039,,1500|2000,1|5;1|3,99999,,1,99999,Every 100 {0} increases damage dealt to enemy Air Force by {1}%;Every 100 {0} decreases success rate of Air Force enemies launching normal attack by {1}%,0,400,0,skill_icon212,1,0,,,Effect_skill_duanlu,,,1,,,,,,,,,,2|2,,,,,,,1000,
21212,skill_name21212,skill_desc21212,3,4,1,3,1212,2550001|5,,,,0,0,100,981035,,0,0,,200|400|600|800|1100|1600|2200|2900|3700|4600,1,1,,10,200,0,skill_icon212_2,1,0,,,,,1,1,g123,20623,,,,,,,,1,,,,,,,300|600|1000|2000|4000|8000|16000|31000|60000|116000,
10212,Counter-attack,After the battle begins; all of your naval units will receive 2 counterattack marks. Each mark increases the ATK by {0}% and reduces the DMG received by {1}%. The units use 1 mark per attack.,1,,2,,,,,,,10,201,100,981042|981043|981142|981143,,2100|800|2100|800,2|2;2|1;2|2;2|1,,,2,2|2|1|1,Are you sure to use 1 {0}?;Every 100 {0} increases ATK of Naval units with marks by {1}%;Every 100 {0} decreases damage taken by Naval units with marks by {1}%;Every 100 {0} decreases the Bonus by {1}% for each mark your unit loses.,0,400,1,skill_icon027,1,2,,,Effect_skill_xunzhang,,,1,,,,1|1.1|-15|120|35,,,,,,2|2|2|2,,,,,,,1000,
20624,Lee Yewon\nExclusive,skill_desc20624,3,4,1,3,212,2550001|5,,,,0,0,100,981044,,0,0,,200|400|600|800|1100|1600|2200|2900|3700|4600,1,1,,10,200,0,skill_icon028,1,0,,,,,1,1,,,,,,,,,,1,,,,,,,300|600|1000|2000|4000|8000|16000|31000|60000|116000,
10113,Race Against Time,Kate Curry can increase the gathering speed of the troop under her command by {0}%. If the troop defends while at a gathering tile; ATK speed increases by {1}%.,1,,1,,,,,,,0,0,100,960002|981045,,2000|2200,2|4;2|5,,,1,1,Every 100 {0} increases Gathering speed of all units by {1}%;Every 100 {0} increases ATK Speed of gathering troop by {1}% when defending,0,200,0,skill_icon029,1,0,,,,,,1,,,,,,,,,,1|1,,,,,,,350,
21213,skill_name21213,skill_desc21213,3,4,1,3,1213,2550001|5,,,,0,0,100,981050,,0,0,,200|400|600|800|1100|1600|2200|2900|3700|4600,1,1,,10,200,0,skill_icon213_2,1,0,,,,,1,1,g123,20625,,,,,,,,1,,,,,,,300|600|1000|2000|4000|8000|16000|31000|60000|116000,
11213,skill_name11213,skill_desc11213,1,,2,,,,,,,11,301,100,981047|981048,,1400|1400,1|3;1|3,2,,1,2,Every 100 {0} increases the damage of super-sized bombard by {1}%,0,400,1,skill_icon213_3,1,2,Effect_6yue_sill_up|Effect_6yue_sill_down,,Effect_6yue_debuff,,,1,,,,,,,,,,2|2,,,,,,,1000,
10312,Punisher,When all units in your troop are Air Force units; launch Super-sized Bombard; causing damage equals to {0}% of enemy’s max HP (this damage ignores the DMG increase or reduction. However; if your average level is lower than the enemy's; each level gap reduces the DMG by half. And if the number of your units is less than the enemy's; the DMG will be reduced by 1% for every 1% gap). It also reduces the damage of enemy Navy by {1}% for 2 rounds.,1,,2,,,,,,,11,301,100,981047|981048,,1400|1400,1|3;1|3,2,,1,2,Every 100 {0} increases the damage of super-sized bombard by {1}%,0,400,1,skill_icon031,1,2,Effect_6yue_sill_up|Effect_6yue_sill_down,,B_20210513_jianruo02,,,1,,,,,,,,,,2|2,,,,,,,1000,
20625,Rockfield\nExclusive,Increase the skill effect of Rockfield's Punisher by {0}%,3,4,1,3,312,2550001|5,,,,0,0,100,981049,,0,0,,200|400|600|800|1100|1600|2200|2900|3700|4600,1,1,,10,200,0,skill_icon032,1,0,,,,,1,1,,,,,,,,,,1,,,,,,,300|600|1000|2000|4000|8000|16000|31000|60000|116000,
11412,skill_name11412,skill_desc11412,1,,2,,,,,,,10,101,100,981056|981057,,2100|13000,1|7;1|55,1,,1,99999,Every 100 {0} increases "Army Decreased DMG Taken" by {1}%;Every 100 {0} increases Fatal Bomb damage of Army by {1}%,0,400,1,skill_icon412_1,1,2,,,Effect_7yueskill_dun,,1017,1,,,,,,,,,,2|2,,,,,,,1000,
21412,skill_name21412,skill_desc21412,3,4,1,3,1412,2550001|5,,,,0,0,100,981058,,0,0,,200|400|600|800|1100|1600|2200|2900|3700|4600,1,1,,10,200,0,skill_icon412_2,1,0,,,,,1,1,g123,20626,,,,,,,,1,,,,,,,300|600|1000|2000|4000|8000|16000|31000|60000|116000,
10111,Siege hunter,When we attack; there's a chance to fire three bombs and cause {0}% damage to one random target. If our troops defend the city; the resources; or a building; the enemies' DMG will be reduced by extra {1}% when the skill hits the target. It takes three rounds; the effects are not stacked or updated.,1,,2,,,,,,,0,0,24,981052|981053,,2400|3000,1|14;1|9,3,,1,3,Every 100 {0} increases bomb damage dealt to random targets by {1}%;When defending; every 100 {0} decreases the ATK of enemies by {1}% if the enemies were attacked by skills,0,400,1,skill_icon035,1,2,,,B_20210513_jianruo02,,,1,,,,,,,,,,2|2,,,,,,,1000,
20627,Bell Exclusive Skill,Increase the trigger rate of Bell's Skill by {0}%,3,4,1,3,111,2550001|5,,,,0,0,100,981059,,0,0,,200|400|600|800|1100|1600|2200|2900|3700|4600,1,1,,10,200,0,skill_icon036,1,0,,,,,1,,,,,,,,,,,1,,,,,,,300|600|1000|2000|4000|8000|16000|31000|60000|116000,
10114,Furious Attack,After the battle starts; it increases the "Reduced DMG Taken" for your army units by {0}%. Each time the enemy launches a normal attack on our troop; the hero accumulates 1 rage. When the rage reaches a maximum of 7 points; army will consume all the rages in the next round and fire a Fatal Bomb; causing {1}% DMG.,1,,2,,,,,,,10,101,100,981056|981057,,2100|13000,1|7;1|55,1,,1,99999,Every 100 {0} increases "Army Decreased DMG Taken" by {1}%;Every 100 {0} increases Fatal Bomb damage of Army by {1}%,0,400,1,skill_icon033,1,2,,,Effect_7yueskill_dun,,1017,1,,,,,,,,,,2|2,,,,,,,1000,
20626,Gira\nExclusive,Improve the trigger effect of Gira‘s skill,3,4,1,3,114,2550001|5,,,,0,0,100,981055,,0,0,,200|400|600|800|1100|1600|2200|2900|3700|4600,1,1,,10,200,0,skill_icon034,1,0,,,,,1,1,,,,,,,,,,1,,,,,,,300|600|1000|2000|4000|8000|16000|31000|60000|116000,
11115,skill_name11115,skill_desc11115,1,,2,,,,,,,0,201,100,990102,,4800,1|10,,,1,99999,Every 100 {0} increases ATK of your Naval units by {1}%,0,200,2,skill_icon037,1,1,,,,,,1,,,,,,,,,,2,,,,,,,1000,
21115,skill_name21115,skill_desc21115,3,4,1,3,1115,2550001|5,,,,0,0,100,990104,,0,0,,200|400|600|800|1100|1600|2200|2900|3700|4600,1,1,,10,200,0,skill_icon038,1,0,,,,,1,1,g123,20628,,,,,,,,1,,,,,,,300|600|1000|2000|4000|8000|16000|31000|60000|116000,
10213,Tsunami Destroy,Increases ATK of Naval units by {0}%,1,,2,,,,,,,0,201,100,990102,,4800,1|10,,,1,99999,Every 100 {0} increases ATK of your Naval units by {1}%,0,200,2,skill_icon039,1,1,,,,,,1,,,,,,,,,,2,,,,,,,1000,
20628,Bassel\nExclusive,Bassel\nExclusive,3,4,1,3,213,2550001|5,,,,0,0,100,990103,,0,0,,200|400|600|800|1100|1600|2200|2900|3700|4600,1,1,,10,200,0,skill_icon040,1,0,,,,,1,1,,,,,,,,,,1,,,,,,,300|600|1000|2000|4000|8000|16000|31000|60000|116000,
10115,Hidden Strike,Reduces VIT cost by 2 when attacking Dark Legion; Warhammer and Hearththrob; and increases Troop's ATK Bonus by {1}% against those enemies.,1,,4,,,,,,,0,0,100,990106|970003,,2|2000,2|0;2|8,,,1,1,Every 100 {0} gained increases the damage of Crescent Moon by {1}%;Every 100 {0} increases ATK towards Dark Legion; Warhammer and Heartthrob by {1}%,0,400,1,skill_icon045,1,2,,,,,,1,,,,,,,,,,4|4,,,,,,,1000,
11401,skill_name11401,skill_desc11401,1,,2,,,,,,,10,0,100,990108|990122,,2400|7000,2|8;2|0,1,,1,99999,Every 100 {0} gained increases the damage of Crescent Moon by {1}%;Every 100 {0} increases enemy damage taken by {1}% if their ATK is reduced,0,400,0,skill_icon041,1,2,,,,,,1,,,,,Effect_2020_9yue_skill_up|Effect_2020_9yue_skill_down,Effect_2020_9yue_hit_up|Effect_2020_9yue_hit_down,,,,2|2,,,,,,,1000,
21401,skill_name21401,skill_desc21401,3,4,1,3,1401,2550001|5,,,,0,0,100,990114,,0,0,,200|400|600|800|1100|1600|2200|2900|3700|4600,1,1,,10,200,0,skill_icon043,1,0,,,,,1,,g123,20629,,,,,,,,1,,,,,,,300|600|1000|2000|4000|8000|16000|31000|60000|116000,
11402,skill_name11402,skill_desc11402,1,,3,,,,,,,0,0,100,990112,,4,3|4,,,1,1,Every 100 {0} speeds up training of {1} more units,0,200,0,skill_icon042,2,0,,,,,,1,,,,,,,,,,3,,,,,,,1000,
21402,skill_name21402,skill_desc21402,3,4,3,3,1402,2550001|5,,,,0,0,100,990113,,0,0,,3|6|10|16|25|40|60|90|120|160,1,1,,10,200,0,skill_icon044,1,0,,,,,1,,g123,20630,,,,,,,,3,,,,,,,300|600|1000|2000|4000|8000|16000|31000|60000|116000,
10313,Crescent Moon,Tsuru gains 1 rage each time your troop launches a normal attack. When the rage is full (7 points); uses all the rage to attack all the enemies and causes damage equals to {0}% of her ATK; and this damage would be increased by {1}% to those whose ATK was reduced.,1,,2,,,,,,,10,0,100,990108|990109,,2400|7000,2|8;2|0,1,,1,99999,Every 100 {0} gained increases the damage of Crescent Moon by {1}%;Every 100 {0} increases enemy damage taken by {1}% if their ATK is reduced,0,400,0,skill_icon047,1,2,,,,,,1,,,,,Effect_2020_9yue_skill_up|Effect_2020_9yue_skill_down,Effect_2020_9yue_hit_up|Effect_2020_9yue_hit_down,,,,2|2,,,,,,,1000,
20629,Tsuru\nExclusive,Tsuru\nExclusive,3,4,1,3,313,2550001|5,,,,0,0,100,990110,,0,0,,200|400|600|800|1100|1600|2200|2900|3700|4600,1,1,,10,200,0,skill_icon048,1,0,,,,,1,1,,,,,,,,,,1,,,,,,,300|600|1000|2000|4000|8000|16000|31000|60000|116000,
10116,Big Voice,After recruited this hero; the training of the first {0} units finishes instantly everyday.,1,,3,,,,,,,0,0,100,990112,,4,3|4,,,1,1,Every 100 {0} speeds up training of {1} more units,0,200,0,skill_icon049,2,0,,,,,,1,,,,,,,,,,3,,,,,,,1000,
20630,Kuruzo\nExclusive,Kuruzo\nExclusive,3,4,3,3,116,2550001|5,,,,0,0,100,990113,,0,0,,3|6|10|16|25|40|60|90|120|160,1,1,,10,200,0,skill_icon050,1,0,,,,,1,,,,,,,,,,,3,,,,,,,300|600|1000|2000|4000|8000|16000|31000|60000|116000,
11117,skill_name11117,skill_desc11117,1,,1,,,,,,,0,0,100,990123|990119|990120,,2970|0|0,1|12;4|1;4|4,,,1,1,Every 100 {0} increases ATK of all units by {1}%;The Dark Legion; Warhammer and Throb drops {0} more chests for every 1 star increased;Each star gained increases the daily limit of chest by {0},0,200,0,skill_icon051,1,0,,,,,,1,,,,,,,,,,1|1|1,,,,,,,1000,
20631,skill_name20631,skill_desc20631,3,4,1,3,1117,2550001|5,,,,0,0,100,990120,,0,0,,1|3|6|10|15|20|30|40|50|60,1,1,,10,200,0,skill_icon052,1,0,,,,,1,,g123,20632,,,,,,,,1,,,,,,,300|600|1000|2000|4000|8000|16000|31000|60000|116000,
10117,Treasure Compass,ATK of all forces increases by {0}%. Every time Amalia defeats the Dark Force; Warhammer or Throb; she will get {1} Ancient Silver Chest(s); with a maximum of {2} chest(s) per day. When she is 4 stars or above; she will find Ancient Gold Chest. The chest contains rare items and Buff Paint (1 star gets 1/day; and the daily limit is 4. Number of chests and limit increases with Amalia's star level. Tap the "!" for more details),1,,1,,,,,,,0,0,100,990123|990119|990120,,2970|0|0,1|12;4|1;4|4,,,1,1,Every 100 {0} increases ATK of all units by {1}%;The Dark Legion; Warhammer and Throb drops {0} more chests for every 1 star increased;Each star gained increases the daily limit of chest by {0},0,200,0,skill_icon053,1,0,,,,,,1,,,,,,,,,,1|1|1,,,,,,,1000,
20632,Amalia\nExclusive,Amalia\nExclusive,3,4,1,3,117,2550001|5,,,,0,0,100,990120,,0,0,,1|3|6|10|15|20|30|40|50|60,1,1,,10,200,0,skill_icon054,1,0,,,,,1,,,,,,,,,,,1,,,,,,,300|600|1000|2000|4000|8000|16000|31000|60000|116000,
10214,M-Rubber Bubble,When your naval units attack; there is a chance to launch a Rubber Bomb; dealing {0}% damage to all targets in the front row.,1,,2,,,,,,,0,201,21,981144,,3500,1|26,3,,1,1,Every 100 {0} increases damage of M-Rubber Bubble by {1}%,0,400,1,skill_icon056,1,2,,,,,1018,1,,,,,,,,,,2,,,,,,,1000,
20633,Violet Exclusive Skill,Increases the trigger chance of Violet's M-Rubber Bubble by {0}%,3,4,1,3,214,2550001|5,,,,0,0,100,981145,,0,0,,200|400|600|800|1100|1600|2200|2900|3700|4600,1,1,,10,200,0,skill_icon055,1,0,,,,,1,1,,,,,,,,,,1,,,,,,,300|600|1000|2000|4000|8000|16000|31000|60000|116000,
11314,skill_name11314,skill_desc11314,1,1,2,,,,,,,10,0,100,981146|981147|981148|981149,,2200|1000|2200|1000,1|8;1|4;1|8;1|4,,,1,99999,Every 100 {0} increases ATK of the Aerial Surveillance by {1}%.;Every 100 {0} increases HP of the Aerial Surveillance by {1}%.,0,200,2,skill_icon057,1,1,,,,,,1,,,,,,,,,,2|2|2|2,,,,,,,1000,
21314,skill_name21314,skill_name21314,3,4,1,3,1314,2550001|5,,,,0,0,100,981152,,0,0,,200|400|600|800|1100|1600|2200|2900|3700|4600,1,1,,10,200,0,skill_icon058,1,0,,,,,1,,g123,20634,,,,,,,,1,,,,,,,300|600|1000|2000|4000|8000|16000|31000|60000|116000,
10314,Aerial Surveillance,Increase the ATK of Air Force by {0}% and the HP by {1}%. When using this hero in your defense troop; all units (including Naval and Army units) in this defense troop will gain the same bonus.,1,1,2,,,,,,,10,0,100,981146|981147|981148|981149,,2200|1000|2200|1000,1|8;1|4;1|8;1|4,,,1,99999,Every 100 {0} increases ATK of the Aerial Surveillance by {1}%.;Every 100 {0} increases HP of the Aerial Surveillance by {1}%.,0,200,2,skill_icon059,1,1,,,,,,1,,,,,,,,,,2|2|2|2,,,,,,,1000,
20634,Dante Exclusive Skill,Dante Exclusive Skill,3,4,1,3,314,2550001|5,,,,0,0,100,981150,,0,0,,200|400|600|800|1100|1600|2200|2900|3700|4600,1,1,,10,200,0,skill_icon060,1,0,,,,,1,,,,,,,,,,,1,,,,,,,300|600|1000|2000|4000|8000|16000|31000|60000|116000,
11315,skill_name11315,Incapacitate 2 random targets at the beginning of the battle; and they will not be able to perform a regular attack. Lasts 1 turn,1,1,2,,,,,,,10,0,100,981151,,10000,0,1,0,1,2,,0,0,0,0,0,0,0,0,Effect_skill_duanlu,,,1,,,,,,,,,,0,,,,,,,0,
10118,Never Fear,Increases ATK of army units by {0}%. On the offensive Ben will open a Shield; which protects all forces from 1 attack. (does not work on Rockfield's Super-sized Bombard and enemies who have skills with 100% hit). It can be triggered {1} time(s),1,1,2,,,,,,,10,0,100,990131|990132,,3000|0,1|8;4|1,,,1,99999,Every 100 {0} increases the ATK of Never Fear by {1}%;Each star makes the shield protect the units for {0} more times,0,200,2,skill_icon063,1,1,,,,,,1,,,,,,,,,,2|2,,,,,,,1000,
20637,Ben Exclusive Skill,Ben Exclusive Skill,3,4,1,3,118,2550001|5,,,,0,0,100,990133,,0,0,,300|600|1000|1500|2100|2700|3400|4100|5000|6100,1,1,,10,200,0,skill_icon064,1,0,,,,,1,,,,,,,,,,,1,,,,,,,300|600|1000|2000|4000|8000|16000|31000|60000|116000,
10119,Torrid Grenade,There is a chance to fire 2 Missiles when attacking; causing {0}% damage to a random target. Ignites the target; which causes {1}% burning damage (not stackable); lasts for 1 round,1,,2,,,,,,,0,0,20,990135|990136,,5000|3500,1|16;1|10,2,,1,99999,Every 100 {0} increases damage of Missile by {1}%.;Every 100 {0} increases effect of ignition by {1}%,0,400,1,skill_icon065,1,2,,,Effect_skill_shanshao,,,1,,,,,,,,,,2|2,,,,,,,10000,
20635,Silence Exclusive Skill,Silence Exclusive Skill,3,4,3,3,119,2550001|5,,,,0,0,100,990137,,0,0,,100|200|300|500|700|1000|1500|2000|2500|3000,1,1,,10,200,0,skill_icon066,1,0,,,,,1,,,,,,,,,,,3,,,,,,,300|600|1000|2000|4000|8000|16000|31000|60000|116000,
50001,Torrid Grenade,,1,,2,,,,,,,0,0,20,1000006,,2500,0,2,,1,2,,0,0,1,,1,2,,,Effect_skill_shanshao,,,1,,,,,,,,,,2|2,,,,,,,0,
10215,Interception,At the beginning of the battle; your naval units gain a shield equal to {0}% of the HP; and inflict Vulnerable to all Army targets in this round; increase the first damage they receive by {1}%. If this hero is on the offensive; there is a 50% chance to ignite all targets which deals {2}% damage before their turn (the basic damage is the average ATK of your unit in the first slot. When burn is activated; it applies the Vulnerable effect and removes it off the army); lasts 1 turn.,1,1,2,,,,,,,10,0,100,990138|990139|990140,,2100|2500|7000,2|4;2|6;2|15,1,,1,99999|99999|1,Every 100 {0} increases Naval units' HP shield by {1}%;Every 100 {0} increases the effect of enemy's Vulnerable status by {1}%;Every 100 {0} increases burning damage by {1}%,0,200,2,skill_icon067,1,1,,,,,,1,,,,,,,,,,2|2|2,,,,,,,1000,
20638,914 Exclusive Skill,Improves the skill effect of 914's Interception by {0}%,3,4,1,3,215,2550001|5,,,,0,0,100,990141,,0,0,,300|600|1000|1500|2100|2700|3400|4100|5000|6100,1,1,,10,200,0,skill_icon068,1,0,,,,,1,,,,,,,,,,,1,,,,,,,300|600|1000|2000|4000|8000|16000|31000|60000|116000,
50002,Angry Splash,,1,,2,,,,,,,0,0,100,1000101,,10000,0,1,,1,9999,,0,0,1,,1,2,,,,,,1,,,,,,,,,,2|2,,,,,,,0,
50003,Efficient Miner,,1,,2,,,,,,,1,0,100,1000103,,2000,0,1,,1,9999,,0,0,1,,1,2,,,,,,1,,,,,,,,,,2|2,,,,,,,0,
50004,Work Safely,,1,,2,,,,,,,0,0,100,1000104,,4000,0,,,2,2,,0,0,1,,1,2,,,,,,1,,,,,,,,,,2|2,,,,,,,0,
30315,The Rainbow Song,Use this skill to increase "Decreased DMG Taken" of all forces by {0}% in battle (effective even without deploying this hero in the battle). The skill lasts for 10 minutes and you can use up to 5 times everyday (buff not stackable),11,1,0,,,,,,,10,0,100,990145,,1200,2|3,,,1,99999,Every 100 {0} increases "Decreased DMG Taken" of all forces by {1}%,0,200,2,skill_icon069,1,1,B_20210311_MX|B_20210311_MX|3|1,,,,,1,,,,,,,,,,0,5,600,30003,,,,300|600|1000|2000|4000|8000|16000|31000|60000|116000,
10315,The Rainbow Song,Increase ATK of all forces by {0}%,1,,2,,,,,,,10,0,100,990146,,3600,2|11,,,1,99999,Every 100 {0} increases ATK of all forces by {1}%,0,200,2,skill_icon071,1,1,B_20210311_MX|B_20210311_MX|3|1,,,,,1,,,,,,,,,,2,,,,,,,1000,
20639,Villiers Exclusive Skill,Villiers Exclusive Skill,3,4,1,3,315,2550001|5,,,,0,0,100,990144|990147,,0|0,0,,300|600|1000|1500|2100|2700|3400|4100|5000|6100;300|600|1000|1500|2100|2700|3400|4100|5000|6100,1,1,,10,200,0,skill_icon070,1,0,,,,,1,,,,,,,,,,,1|1,,,,,,,300|600|1000|2000|4000|8000|16000|31000|60000|116000,
10120,Angry Splash,When the battle begins; adds an armor to all units; which gains an extra {0}% HP when you are attacking. It will be more effective if your troop is defending (gains you a total of {1}%). Each time when an Army unit attacks; Fahed gains 1 Rage. When the Rage maxes out at 7; the next time when an Army unit attacks; it will use up all the Rage and throw 3 Missiles to random targets; each causing {2}% damage. It will be a critical hit if the total number of units in that target slot is below 50%.,1,,2,,,,,,,10,0,100,990148|990149|990150,,1050|2100|7000,1|4;1|8;1|18,3,,1,99999,Every 100 {0} increases HP Armor by {1}% (on the offensive);Every 100 {0} increases HP Armor by {1}% (when defending);Every 100 {0} increases damage of Missile by {1}%,0,200,1,skill_icon072,1,2,,,,,,1,,,,,,,,,,2|2|2,,,,,,,1000,
20640,Fahed Exclusive Skill,Fahed Exclusive Skill,3,4,1,3,120,2550001|5,,,,0,0,100,990151,,0,0,,300|600|1000|1500|2100|2700|3400|4100|5000|6100,1,1,,10,200,0,skill_icon073,1,0,,,,,1,,,,,,,,,,,1,,,,,,,300|600|1000|2000|4000|8000|16000|31000|60000|116000,
10121,Efficient Miner,Gathering speed increases by {0}%; Odinium gathering speed increases by an extra {1}%,1,,1,,,,,,,0,0,100,960002|990220,,1200|1800,2|4;2|6,,,1,1,Every 100 {0} increases Gathering Speed by {1}%;Every 100 {0} increases Odinium Gathering Speed by {1}%,0,200,0,skill_icon074,1,0,,,,,,1,,,,,,,,,,1|1,,,,,,,350,
10216,Massive Barrage,Gain {0} rage at the beginning of the battle. Every time your unit launches a regular attack; this hero gains 1 rage. When the Rage maxes out at 7; the next time when your unit attacks; a Mecha will show up and randomly throw 4~10 Missiles to random targets; causing {1}% damage each. When your Naval unit releases skill; decreases the damage of the target(s) hit by this skill by {2}%; lasts 1 round (not stackable).,1,2,2,,,,,,,10,0,100,990153|990152|9901532,,2|2280|2600,4|1;2|5;2|8,1,,1,99999,Every 1 star increased gains extra {0} Rage at the beginning of the battle;Every 100 {0} increases damage of Missile by {1}%;Every 100 {0} decreases the damage dealt by enemies by {1}% if they were attacked by the skill (rage),0,200,1,skill_icon075,1,2,,,,,1019,1,,,,,E_2021_5yue_skill_down|E_2021_5yue_skill_up,,,,,2|2|2,,,,,,1,1000,
20641,Akatora Exclusive Skill,Akatora Exclusive Skill,3,4,1,3,216,2550001|5,,,,0,0,100,990154,,0,0,,300|600|1000|1500|2100|2700|3400|4100|5000|6100,1,1,,10,200,0,skill_icon076,1,0,,,,,1,,,,,,,,990155|990156|990157,0|0|2000|2000|2000|2000|2000|2000|2000|2000;0|0|0|0|200|200|200|200|200|200;0|0|0|0|0|0|1|1|1|1,0|0|0,1|1|3|2,,,,,3|All units ATK +20% when Akatora is in battle;5|All units DMG taken Decrease +2% (not required to be in the battle);7|Akatora's Rage skill launches 5~11 Missiles randomly,,300|600|1000|2000|4000|8000|16000|31000|60000|116000,
10122,Work Safely,When the battle begins; your units will be covered by armor; which increases their HP by {0}%. When sending this hero to gather resource; gathering speed increases by {1}%,1,,4,,,,,,,10,0,100,990158|990159,,1400|1000,2|5;2|5,,,1,99999,Every 100 {0} increases HP shield by {1}%;Every 100 {0} increases Gathering Speed by {1}%,0,100,1,skill_icon077,1,2,,,,,,1,,,,,,,,,,2|1,,,,,,,350,
10123,Dexterous Hands,If you have this hero; the first {0} Valhalla units of the day will be trained instantly; and the repairing cost coefficient for Valhalla units is reduced by {1}%,1,,3,,,,,,,0,0,100,990173|990174|990175,,2|380|380,4|3;1|2;1|2,,,1,1,Each 1 star increased; increase fast train unit by {0};Every 100 {0} reduce the repair cost coefficient of Valhalla units by {1}%,0,200,0,skill_icon078,1,0,,,,,,1,,,,,,,,,,3|3|3,,,,,,,350,
20642,skill_name20642,skill_name20642,3,4,1,3,123,2550001|5,,,,0,0,100,990165,,0,0,,300|600|1000|1500|2100|2700|3400|4100|5000|6100,1,1,,10,200,0,skill_icon079,1,0,,,,,1,,,,,,,,,,,3,,,,,,,300|600|1000|2000|4000|8000|16000|31000|60000|116000,
10316,Force of Nature,At the beginning of the battle; the first row units will gain a shield equals to {0}% of the HP. When the units in back 2 rows launch regular attack; there will be a chance to summon 3 to 5 thunderblasts and attack random targets; causing {1}% damage. If the air force triggers this skill ; the target will gain "Vulnerable" debuff; and the damage it takes for the first time is increased by {2}% (not stackable),1,3,1,,,,,,,10,0,100,990166|990167|990168,,4300|3300|2000,2|14;2|11;2|6,1,,1,99999|99999|99999,Every 100 {0} increases HP shield by {1}%;Every 100 {0} increases the damage of Thunder Blast by {1}%.;Every 100 {0} increases the effect of enemy's Vulnerable status by {1}%.,0,200,1,skill_icon080,1,2,,,,,1020,1,,,,,B_20210608_shandianyun,,,,,2|2|2,,,,,,1,350,1
20643,Aya Exclusive Skill,Aya Exclusive Skill,3,4,1,3,316,2550001|5,,,,0,0,100,990169,,0,0,,300|600|1000|1500|2100|2700|3400|4100|5000|6100,1,1,,10,200,0,skill_icon081,1,0,,,,,1,,,,,,,,990170|990171|990172,0|0|2000|2000|2000|2000|2000|2000|2000|2000;0|0|0|0|200|200|200|200|200|200;0|0|0|0|0|0|1|1|1|1,0|0|0,1|1|3|2,,,,,3|+20% HP of all units when Aya is in battle;5|All units DMG Increase +2% (not required to be in the battle);7|The Thunder blasts 4~6 times,,300|600|1000|2000|4000|8000|16000|31000|60000|116000,
10217,Destiny Bullet,Increase the ATK of your Naval units by {0}%. With each attack; there's a chance to fire an extra missile to a random target; causing {1}% damage. If the unit hit by the missile is afflicted with an ATK decrease debuff; the damage dealt will be {2}%.,1,2,2,,,,,,,10,0,100,990177|990178|990179,,4170|2100|6300,1|10;1|7;1|21,1,,1,99999,Every 100 {0} increases ATK of Naval units by {1}%;Every 100 {0} increases damage of Missile by {1}%.;Every 100 {0} increases damage of Missile by {1}% (when the opponent is applied with ATK decrease debuff),0,200,1,skill_icon082,1,2,,,,,1021,1,,,,,,,,,,2|2|2,,,,,,,1000,
20644,Bailos Exclusive Skill,Bailos Exclusive Skill,3,4,1,3,217,2550001|5,,,,0,0,100,990180,,0,0,,300|600|1000|1500|2100|2700|3400|4100|5000|6100,1,1,,10,200,0,skill_icon083,1,0,,,,,1,,,,,,,,990181|990182|990183,0|0|2000|2000|2000|2000|2000|2000|2000|2000;0|0|0|0|120|120|120|120|120|120;0|0|0|0|0|0|2000|2000|2000|2000,0|0|0,1|1|3|1,,,,,3|All units +20% HP when Bailos is in the battle;5|All units WAR +120 (not required to be in the battle);7|Naval units DMG taken decrease +20% when Bailos is in the defending battle,,300|600|1000|2000|4000|8000|16000|31000|60000|116000,
10124,Til' All Are One!,At the beginning of the battle; all units gain {0}% [Indestructible] (Buff) in the first round; lasts 1 round. When the 2nd round begins; units will convert into attack mode: there's a chance to fire [Howitzer] each time when the unit attacks; which deals {1}% damage. When an Army unit triggers [Howitzer]; the target is disarmed for 1 round (effect: unable to launch regular attack) - Effective against rival commander units ONLY,1,,2,,,,,,,10,0,100,990184|990185|990186,,2380|12000|10000,2|5;2|32;1|0,,,1,9999|99999|99999,Every 100 {0} increases effect of Indestructible by {1}%;Every 100 {0} increases effect of Howitzer by {1}%,0,200,0,skill_icon084,1,0,,,,,1022,1,,,,,,,,,,2|2|2,,,,1. "Indestructible" effect: reduce the direct damage taken. Release at the beginning of battle (second only to Rockfield's skill). Max effect: 70%\n2. A round: A round is complete once all units have made their actions.,,,1000,
20645,Optimus Prime Exclusive Skill,Optimus Prime Exclusive Skill,3,4,1,3,124,2550001|5,,,,0,0,100,9901861,,0,0,,300|600|1000|1500|2100|2700|3400|4100|5000|6100,1,1,,10,200,0,skill_icon085,1,0,,,,,1,,,,,,,,9901862|99018621|9901863|9901864,0|0|2000|2000|2000|2000|2000|2000|2000|2000;0|0|1000|1000|1000|1000|1000|1000|1000|1000;0|0|0|0|200|200|200|200|200|200;0|0|0|0|0|0|3000|3000|3000|3000,0|0|0|0,1|1|1|3|1,,,,,3|When this hero participates in battle; HP of all units +10%; and Army units +20% HP (extra);5|DEF of all your heroes +200 (not required to be in the battle);7|When this hero participates in battle; DMG Increase of all army units +30%,,300|600|1000|2000|4000|8000|16000|31000|60000|116000,
10125,Auto Lock-on,When your troops attack; there is a chance to launch 3 additional super missiles against random target(s); each of which causes {0}% damage with 100% critical rate (Only effective against Dark Forces),1,,2,,,,,,,0,0,30,990187|990188,,2200|100000,1|7;1|0,3,,1,99999,Every 100 {0} increases the damage of Super Missile by {1}%,0,200,0,skill_icon086,1,2,,,,,,1,,,,,,,,,,2|2,,,,,,,350,
10128,Fatal Lock-on,When attacking; there's a chance to release 3 Super Missiles to attack random targets; dealing {0}% damage (100% Critical rate).,1,,2,,,,,,,0,0,30,990189|990190,,2500|100000,1|8;1|0,3,,1,99999,Every 100 {0} increases the damage of Super Missile by {1}%,0,400,0,skill_icon087,1,2,,,,,1024,1,,,,,,,,,,2|2,,,,,,,1000,
20646,skill_name20646,skill_name20646,3,4,1,3,128,2550001|5,,,,0,0,100,9901901,,0,0,,300|600|1000|1500|2100|2700|3400|4100|5000|6100,1,1,,10,200,0,skill_icon088,1,0,,,,,1,,,,,,,,,,,1,,,,,,,300|600|1000|2000|4000|8000|16000|31000|60000|116000,
10126,Electro Shock,When your troop attacks; there is a certain chance to launch 3 additional missiles against random target(s); the ATK of the target(s) is reduced by 30% for 3 rounds; not stackable and will not refresh (the missiles won't cause damage),1,,2,,,,,,,0,0,30,990195|990196,,0|3000,1|0;1|0,3,,1,3,hero_UI292,0,400,1,skill_icon003,1,2,,,,,,1,,,,,,,,,,2|2,,,,,,,1000,
10317,Hardest Tricks,After the battle begins; the HP of all your air force units are increased by {0}%. The ATK of all units in the last two rows are increased by {1}%.,1,3,1,,,,,,,10,0,100,990200|990199,,1200|5200,1|4;1|16,1,,1,99999,Every 100 {0} increases the HP of your air force units by {1}%;Every 100 {0} increases the ATK of all units in the last two rows by {1}%,0,200,1,skill_icon089,1,2,B_20210901_huaban,,,,1020,1,,,,,B_20210608_shandianyun,,,,,2|2,,,,,,,1000,
20647,Selina Exclusive,skill_desc20647,3,4,1,3,317,2550001|5,,,,0,0,100,990301,,0,0,,300|600|1000|1500|2100|2700|3400|4100|5000|6100,1,1,,10,200,0,skill_icon090,1,0,,,,,1,,,,,,,,990302|990304|990305,0|0|2500|2500|2500|2500|2500|2500|2500|2500;0|0|0|0|300|300|300|300|300|300;0|0|0|0|0|0|3000|3000|3000|3000,0|0|0,1|1|3|1,,,,,3|When this hero participates in battle; ATK of all units +25%;5|+3% Decreased DMG Taken for all units (not required to be in the battle);7|When this hero participates in battle; DMG Increase of all units increases by 30%,,120|240|400|800|1600|3200|6400|12400|24000|46400,
10129,Desperate Revolver,ATK of all army units increases by {0}%. Each time the units in the first two rows launch an attack; there's a chance to fire 3 bullets targeted randomly at the enemies in the back row; each missile will cause {1}% damage.,1,1,2,,,,,,,10,0,100,990401|990402,,1500|7100,1|5;1|20,3,,1,99999,Every 100 {0} increases ATK of Army units by {1}%;Every 100 {0} increases damage of bullets by {1}%.,0,200,1,skill_icon091,1,2,,,,,1021,1,,,,,B_20211008_qiang_xia|B_20211008_qiang_shang,,,,,2|2|2,,,,,,1,1000,
20648,Preycis Exclusive,skill_desc20648,3,4,1,3,129,2550001|5,,,,0,0,100,990403,,0,0,,300|600|1000|1500|2100|2700|3400|4100|5000|6100,1,1,,10,200,0,skill_icon092,1,0,,,,,1,,,,,,,,990404|990405|990406,0|0|2500|2500|2500|2500|2500|2500|2500|2500;0|0|0|0|300|300|300|300|300|300;0|0|0|0|0|0|3000|3000|3000|3000,0|0|0,1|1|3|1,,,,,3|When this hero participates in battle; HP of all units increases by 25%;5|+3% DMG Increase for all units (not required to be in the battle);7|When this hero participates in battle; ATK of Army units increases by 30%,,120|240|400|800|1600|3200|6400|12400|24000|46400,
10131,Infinity Cube,skill_desc10131,1,1,2,,,,,,,10,0,100,990407|990408,,1600|7100,1|5;1|20,3,,1,99999,hero_UI297;Every 100 {0} increases the ATK of units in the first two rows by {1}%;Every 100 {0} increases the damage of "Infernal Attack" to the row by {1}%,0,200,1,skill_icon097,1,2,,,,,4012,1,,,,,B_20211025_paodian_xia|B_20211025_paodian_shang,,,,,2|2|2,,,,,,1,1000,
20650,Pop Exclusive Skill,skill_desc20650,3,4,1,3,131,2550001|5,,,,0,0,100,990409,,0,0,,300|600|1000|1500|2100|2700|3400|4100|5000|6100,1,1,,10,200,0,skill_icon098,1,0,,,,,1,,,,,,,,990410|990411|990412|990413,0|0|2000|2000|2000|2000|2000|2000|2000|2000;0|0|1000|1000|1000|1000|1000|1000|1000|1000;0|0|0|0|200|200|200|200|200|200;0|0|0|0|0|0|3000|3000|3000|3000,0|0|0|0,1|1|1|3|1,,,,,3|effect_new_desc19;5|effect_new_desc20;7|effect_new_desc21,,120|240|400|800|1600|3200|6400|12400|24000|46400,
10218,The Many-worlds,After the battle begins; add shields to all Naval Units and reduce the final damage taken by {0}%; lasts 1 round. (a unique skill: it will replace Optimus Prime's "Indestructible" Buff). Initially gain 1-6 Rage; and gain 1 rage when each unit attacks. Upon getting 7 Rage; use all Rage and launch an Infernal Attack which deals {1}% damage. When this skill is launched by a Naval unit; reduce the ATK of the target by {2}% (this effect is not stackable). After the skill is released by the hero; gain 1-6 Rage randomly.,1,2,2,,,,,,,10,0,100,990415|990416|990418,,1000|2000|1000,2|3;2|6;2|3,1,,1,99999,Every 100 {0} increases the Shield effect (Damage Decrease) by {1}%;Every 100 {0} increases the damage of "Infernal Attack" by {1}%;Every 100 {0} increases the "Nerf ATK" effect by {1}%,0,200,1,skill_icon095,1,2,,,,,4013,1,,,,,B_20211103_dushen|B_20211103_dushen,,,,,2|2|2,,,,1. Shield: reduce the direct damage taken. Release at the beginning of battle (second only to Rockfield's skill). Max effect: 70%.\n2. When the Shield is applied; Optimus Prime's Indestructible will not take effect.\n3. A round: A round is complete once all units have made their actions.\n4. Upgrading exclusive skill will NOT increase the probability of gaining Rage or the amount of Rage gained.,,1,1000,
20651,Yuu Exclusive Skill,Yuu Exclusive Skill,3,4,1,3,218,2550001|5,,,,0,0,100,990419,,0,0,,300|600|1000|1500|2100|2700|3400|4100|5000|6100,1,1,,10,200,0,skill_icon096,1,0,,,,,1,,,,,,,,990420|990421|990422|990423,0|0|3000|3000|3000|3000|3000|3000|3000|3000;0|0|0|0|300|300|300|300|300|300;0|0|0|0|0|0|1500|1500|1500|1500;0|0|0|0|0|0|3|3|3|3,0|0|0|0,1|1|3|1|1,,,,,3|When this hero participates in battle; HP of Naval units +30%;5|All units DMG Increase +3% (not required to be in the battle);7|When this hero participates in battle; DMG Increase of Naval units +15%; and at least recovers 3 Rage,,120|240|400|800|1600|3200|6400|12400|24000|46400,
10318,Laser Shot,At the beginning of the battle; adds {0}% Decreased DMG Taken for the Air Force units in the front row. When the mid-row units launch regular attacks; there's a chance to trigger the "Laser Attack" aiming at a random column of enemies; dealing {1}% damage. When Air Force units trigger the Laser; they will "Ignite" the targets for 1 round (not stackable; and it will not replace the same debuff). Enemy units will suffer {2}% burning damage before their round.,1,3,1,,,,,,,10,0,100,990424|990425|990426,,6200|8400|3000,1|25;1|33;1|17,1,,1,99999,Every 100 {0} increases "Decreased DMG Taken" of units in the first row by {1}%;Every 100 {0} increases Laser damage against the enemies in a column by {1}%;Every 100 {0} increases burning damage by {1}%,0,200,1,skill_icon102,1,1,,,,,1025,1,,,,,,,,,,2|2|2,,,,,,,1000,
20653,Maximo Exclusive Skill,Increase the skill effect of Maximo by {0}%. (Chance of triggering Laser shot not included),3,4,1,3,318,2550001|5,,,,0,0,100,990427,,0,0,,300|600|1000|1500|2100|2700|3400|4100|5000|6100,1,1,,10,200,0,skill_icon103,1,0,,,,,1,,,,,,,,990428|990429|990430|990431,0|0|3000|3000|3000|3000|3000|3000|3000|3000;0|0|0|0|300|300|300|300|300|300;0|0|0|0|0|0|1500|1500|1500|1500;0|0|0|0|0|0|3000|3000|3000|3000,0|0|0|0,1|1|3|1|1,,,,,3|When this hero participates in battle; ATK of Air Force units increases by 30%;5|Decreased DMG Taken of all units +3% (not required to be in the battle);7|When this hero participates in battle; +15% DMG Increase for Air Force units; and +30% Burning damage of Laser Shot.,,120|240|400|800|1600|3200|6400|12400|24000|46400,